"","id","name","GEN.SPA","Force","Light","Chill","good_flaskid","flo_day","Lbb_day","leaf_day","Lexpand_day","treatcode","Flo.poss.","Dead.alive"
"1","BETALL25 HF DB_WS0_9","BETALL25 HF DB","BET.ALL","W","L",0,"WS0_9",NA,37,50,40,"W_S_0","N","A"
"2","COMPER 3 HF DB_WS0_9","COMPER 3 HF DB","COM.PER","W","L",0,"WS0_9",NA,NA,NA,NA,"W_S_0","?","?"
"3","VIBACE 7 HF DB_WS0_9","VIBACE 7 HF DB","VIB.ACE","W","L",0,"WS0_9",NA,35,50,37,"W_S_0","N","A"
"4","ACESAC12 HF DB_WS0_8","ACESAC12 HF DB","ACE.SAC","W","L",0,"WS0_8",NA,NA,NA,NA,"W_S_0","N","?"
"5","ILEVER01 HF DB_WS0_8","ILEVER01 HF DB","ILE.VER","W","L",0,"WS0_8",NA,23,28,26,"W_S_0","N","A"
"6","VACCOR 5 HF DB_WS0_8","VACCOR 5 HF DB","VAC.COR","W","L",0,"WS0_8",NA,30,37,35,"W_S_0","N","A"
"7","ACEPEN24 HF DB_WS0_7","ACEPEN24 HF DB","ACE.PEN","W","L",0,"WS0_7",NA,87,90,NA,"W_S_0","N","A"
"8","ACESAC18 HF DB_WS0_7","ACESAC18 HF DB","ACE.SAC","W","L",0,"WS0_7",NA,NA,NA,NA,"W_S_0","N","?"
"9","PRUVIR 5 HF DB_WS0_7","PRUVIR 5 HF DB","PRU.VIR","W","L",0,"WS0_7",NA,37,56,42,"W_S_0","N","A"
"10","CORCOR 17 HF DB_WS0_6","CORCOR 17 HF DB","COR.COR","W","L",0,"WS0_6",63,82,93,58,"W_S_0","Y","A"
"11","ILEVER05 HF DB_WS0_6","ILEVER05 HF DB","ILE.VER","W","L",0,"WS0_6",NA,NA,NA,NA,"W_S_0","N","D"
"12","PRUPEN 24 HF DB_WS0_6","PRUPEN 24 HF DB","PRU.PEN","W","L",0,"WS0_6",30,16,23,19,"W_S_0","Y","A"
"13","BETALL25 HF DB_WS0_5","BETALL25 HF DB","BET.ALL","W","L",0,"WS0_5",NA,63,76,65,"W_S_0","N","A"
"14","ILEMUC 9 HF DB_WS0_5","ILEMUC 9 HF DB","ILE.MUC","W","L",0,"WS0_5",NA,37,50,42,"W_S_0","N","A"
"15","VIBACE09 HF DB_WS0_5","VIBACE09 HF DB","VIB.ACE","W","L",0,"WS0_5",NA,33,54,45,"W_S_0","N","A"
"16","BETALL25 HF DB_WS0_4","BETALL25 HF DB","BET.ALL","W","L",0,"WS0_4",NA,NA,61,58,"W_S_0","N","A"
"17","CORCOR 16 HF DB_WS0_4","CORCOR 16 HF DB","COR.COR","W","L",0,"WS0_4",NA,50,61,52,"W_S_0","N","A"
"18","ILEVER07 HF DB_WS0_4","ILEVER07 HF DB","ILE.VER","W","L",0,"WS0_4",NA,28,35,33,"W_S_0","N","A"
"19","ACEPEN15 HF DB_WS0_3","ACEPEN15 HF DB","ACE.PEN","W","L",0,"WS0_3",NA,45,70,68,"W_S_0","N","A"
"20","ACERUB26 HF DB_WS0_3","ACERUB26 HF DB","ACE.RUB","W","L",0,"WS0_3",NA,NA,NA,NA,"W_S_0","?","?"
"21","ILEMUC 13 HF DB_WS0_3","ILEMUC 13 HF DB","ILE.MUC","W","L",0,"WS0_3",NA,NA,NA,NA,"W_S_0","?","?"
"22","BETALL33 HF DB_WS0_24","BETALL33 HF DB","BET.ALL","W","L",0,"WS0_24",NA,NA,79,76,"W_S_0","N","A"
"23","ILEVER03 HF DB_WS0_24","ILEVER03 HF DB","ILE.VER","W","L",0,"WS0_24",NA,28,42,33,"W_S_0","N","A"
"24","VACCOR 89 HF DB_WS0_24","VACCOR 89 HF DB","VAC.COR","W","L",0,"WS0_24",23,16,54,50,"W_S_0","Y","A"
"25","ACERUB23 HF DB_WS0_23","ACERUB23 HF DB","ACE.RUB","W","L",0,"WS0_23",NA,NA,NA,NA,"W_S_0","?","?"
"26","ILEVER ? HF DB_WS0_23","ILEVER ? HF DB","ILE.VER","W","L",0,"WS0_23",NA,19,26,23,"W_S_0","N","A"
"27","VACCOR 3 HF DB_WS0_23","VACCOR 3 HF DB","VAC.COR","W","L",0,"WS0_23",NA,NA,NA,NA,"W_S_0","N","?"
"28","ACEPEN15 HF DB_WS0_22","ACEPEN15 HF DB","ACE.PEN","W","L",0,"WS0_22",NA,54,65,63,"W_S_0","N","A"
"29","ILEVER03 HF DB_WS0_22","ILEVER03 HF DB","ILE.VER","W","L",0,"WS0_22",NA,19,NA,30,"W_S_0","N","D"
"30","PRUPEN 22 HF DB_WS0_22","PRUPEN 22 HF DB","PRU.PEN","W","L",0,"WS0_22",33,19,26,21,"W_S_0","Y","A"
"31","ACESAC13 HF DB_WS0_21","ACESAC13 HF DB","ACE.SAC","W","L",0,"WS0_21",NA,NA,70,68,"W_S_0","N","A"
"32","COMPER 6 HF DB_WS0_21","COMPER 6 HF DB","COM.PER","W","L",0,"WS0_21",21,30,47,40,"W_S_0","Y","A"
"33","PRUVIR 4 HF DB_WS0_21","PRUVIR 4 HF DB","PRU.VIR","W","L",0,"WS0_21",NA,NA,NA,NA,"W_S_0","?","?"
"34","ILEMUC 9 HF DB_WS0_20","ILEMUC 9 HF DB","ILE.MUC","W","L",0,"WS0_20",NA,37,45,42,"W_S_0","N","A"
"35","PRUPEN 22 HF DB_WS0_20","PRUPEN 22 HF DB","PRU.PEN","W","L",0,"WS0_20",26,14,33,19,"W_S_0","Y","A"
"36","VIBACE10 HF DB_WS0_20","VIBACE10 HF DB","VIB.ACE","W","L",0,"WS0_20",NA,61,NA,93,"W_S_0","?","A"
"37","ACEPEN15 HF DB_WS0_2","ACEPEN15 HF DB","ACE.PEN","W","L",0,"WS0_2",NA,45,54,52,"W_S_0","N","A"
"38","COMPER 8 HF DB_WS0_2","COMPER 8 HF DB","COM.PER","W","L",0,"WS0_2",NA,NA,NA,NA,"W_S_0","?","?"
"39","PRUVIR 6 HF DB_WS0_2","PRUVIR 6 HF DB","PRU.VIR","W","L",0,"WS0_2",50,26,45,40,"W_S_0","Y","A"
"40","CORCOR16 HF_WS0_19","CORCOR16 HF","COR.COR","W","L",0,"WS0_19",73,104,NA,107,"W_S_0","Y","A"
"41","PRUPEN 23 HF DB_WS0_19","PRUPEN 23 HF DB","PRU.PEN","W","L",0,"WS0_19",NA,NA,NA,NA,"W_S_0","?","?"
"42","PRUVIR 6 HF DB_WS0_19","PRUVIR 6 HF DB","PRU.VIR","W","L",0,"WS0_19",NA,93,NA,107,"W_S_0","N","A"
"43","ACESAC18 HF DB_WS0_18","ACESAC18 HF DB","ACE.SAC","W","L",0,"WS0_18",NA,NA,NA,NA,"W_S_0","N","?"
"44","ILEMUC 10 HF DB_WS0_18","ILEMUC 10 HF DB","ILE.MUC","W","L",0,"WS0_18",33,23,33,30,"W_S_0","Y","A"
"45","VIBACE02 HF DB_WS0_18","VIBACE02 HF DB","VIB.ACE","W","L",0,"WS0_18",NA,42,NA,110,"W_S_0","?","A"
"46","ACEPEN19 HF DB_WS0_17","ACEPEN19 HF DB","ACE.PEN","W","L",0,"WS0_17",NA,56,65,63,"W_S_0","N","A"
"47","ACERUB25 HF DB_WS0_17","ACERUB25 HF DB","ACE.RUB","W","L",0,"WS0_17",NA,NA,NA,NA,"W_S_0","?","?"
"48","PRUPEN 24 HF DB_WS0_17","PRUPEN 24 HF DB","PRU.PEN","W","L",0,"WS0_17",NA,16,21,19,"W_S_0","N","A"
"49","COMPER 3 HF DB_WS0_16","COMPER 3 HF DB","COM.PER","W","L",0,"WS0_16",NA,NA,NA,NA,"W_S_0","?","?"
"50","VACCOR 2 HF DB_WS0_16","VACCOR 2 HF DB","VAC.COR","W","L",0,"WS0_16",NA,19,28,21,"W_S_0","N","A"
"51","VIBACE02 HF DB_WS0_16","VIBACE02 HF DB","VIB.ACE","W","L",0,"WS0_16",NA,NA,NA,NA,"W_S_0","?","?"
"52","ACERUB26 HF DB_WS0_15","ACERUB26 HF DB","ACE.RUB","W","L",0,"WS0_15",NA,NA,NA,NA,"W_S_0","?","?"
"53","COMPER 8 HF DB_WS0_15","COMPER 8 HF DB","COM.PER","W","L",0,"WS0_15",NA,NA,NA,NA,"W_S_0","?","?"
"54","PRUVIR 6 HF DB_WS0_15","PRUVIR 6 HF DB","PRU.VIR","W","L",0,"WS0_15",96,NA,82,79,"W_S_0","Y","A"
"55","ACESAC13 HF DB_WS0_14","ACESAC13 HF DB","ACE.SAC","W","L",0,"WS0_14",NA,NA,NA,NA,"W_S_0","N","?"
"56","PRUVIR 4 HF DB_WS0_14","PRUVIR 4 HF DB","PRU.VIR","W","L",0,"WS0_14",NA,NA,56,45,"W_S_0","N","A"
"57","VACCOR 1 HF DB_WS0_14","VACCOR 1 HF DB","VAC.COR","W","L",0,"WS0_14",26,30,37,35,"W_S_0","Y","A"
"58","ACESAC18 HF DB_WS0_13","ACESAC18 HF DB","ACE.SAC","W","L",0,"WS0_13",NA,NA,NA,NA,"W_S_0","N","?"
"59","BETALL25 HF DB_WS0_13","BETALL25 HF DB","BET.ALL","W","L",0,"WS0_13",NA,35,63,37,"W_S_0","N","A"
"60","CORCOR07_HF_WS0_13","CORCOR07_HF","COR.COR","W","L",0,"WS0_13",NA,90,NA,NA,"W_S_0","N","A"
"61","ACERUB23 HF DB_WS0_12","ACERUB23 HF DB","ACE.RUB","W","L",0,"WS0_12",NA,NA,NA,NA,"W_S_0","?","?"
"62","BETALL33 HF DB_WS0_12","BETALL33 HF DB","BET.ALL","W","L",0,"WS0_12",NA,76,79,68,"W_S_0","N","A"
"63","PRUPEN 24 HF DB_WS0_12","PRUPEN 24 HF DB","PRU.PEN","W","L",0,"WS0_12",28,16,21,19,"W_S_0","Y","A"
"64","COMPER 6 HF DB_WS0_11","COMPER 6 HF DB","COM.PER","W","L",0,"WS0_11",NA,NA,NA,NA,"W_S_0","?","?"
"65","CORCOR14 HF DB_WS0_11","CORCOR14 HF DB","COR.COR","W","L",0,"WS0_11",NA,63,76,68,"W_S_0","N","A"
"66","ILEMUC 10 HF DB_WS0_11","ILEMUC 10 HF DB","ILE.MUC","W","L",0,"WS0_11",33,NA,33,NA,"W_S_0","Y","A"
"67","ACEPEN14 HF DB_WS0_10","ACEPEN14 HF DB","ACE.PEN","W","L",0,"WS0_10",NA,68,76,73,"W_S_0","N","A"
"68","ILEMUC 12 HF DB_WS0_10","ILEMUC 12 HF DB","ILE.MUC","W","L",0,"WS0_10",63,50,63,82,"W_S_0","Y","A"
"69","VIBACE07 HF DB_WS0_10","VIBACE07 HF DB","VIB.ACE","W","L",0,"WS0_10",NA,NA,NA,NA,"W_S_0","?","?"
"70","ACERUB29 HF DB_WS0_1","ACERUB29 HF DB","ACE.RUB","W","L",0,"WS0_1",NA,NA,NA,NA,"W_S_0","?","?"
"71","CORCOR08_HF_WS0_1","CORCOR08_HF","COR.COR","W","L",0,"WS0_1",NA,73,NA,79,"W_S_0","?","D"
"72","VACCOR 11 HF DB_WS0_1","VACCOR 11 HF DB","VAC.COR","W","L",0,"WS0_1",21,16,26,19,"W_S_0","Y","A"
"73","ACERUB22 HF DB_WL0_9","ACERUB22 HF DB","ACE.RUB","W","S",0,"WL0_9",NA,NA,NA,NA,"W_L_0","N","D"
"74","BETALL25 HF DB_WL0_9","BETALL25 HF DB","BET.ALL","W","S",0,"WL0_9",NA,NA,61,52,"W_L_0","N","A"
"75","ILEMUC 13 HF DB_WL0_9","ILEMUC 13 HF DB","ILE.MUC","W","S",0,"WL0_9",NA,NA,NA,NA,"W_L_0","?","?"
"76","ACERUB25 HF DB_WL0_8","ACERUB25 HF DB","ACE.RUB","W","S",0,"WL0_8",NA,NA,NA,NA,"W_L_0","?","?"
"77","CORCOR06 HF_WL0_8","CORCOR06 HF","COR.COR","W","S",0,"WL0_8",NA,NA,NA,NA,"W_L_0","?","A"
"78","ILEMUC 9 HF DB_WL0_8","ILEMUC 9 HF DB","ILE.MUC","W","S",0,"WL0_8",NA,90,NA,NA,"W_L_0","?","?"
"79","PRUPEN 23 HF DB_WL0_7","PRUPEN 23 HF DB","PRU.PEN","W","S",0,"WL0_7",NA,37,54,45,"W_L_0","N","A"
"80","PRUVIR 5 HF DB_WL0_7","PRUVIR 5 HF DB","PRU.VIR","W","S",0,"WL0_7",NA,19,21,19,"W_L_0","N","A"
"81","VIBACE04 HF DB_WL0_7","VIBACE04 HF DB","VIB.ACE","W","S",0,"WL0_7",NA,45,NA,NA,"W_L_0","N","A"
"82","PRUVIR 7 HF DB_WL0_6","PRUVIR 7 HF DB","AME.SPP","W","S",0,"WL0_6",NA,NA,NA,NA,NA,NA,NA
"83","VACCOR 1 HF DB_WL0_6","VACCOR 1 HF DB","VAC.COR","W","S",0,"WL0_6",26,16,54,47,"W_L_0","Y","A"
"84","VIBACE02 HF DB_WL0_6","VIBACE02 HF DB","VIB.ACE","W","S",0,"WL0_6",NA,NA,NA,NA,"W_L_0","?","?"
"85","ACESAC12 HF DB_WL0_5","ACESAC12 HF DB","ACE.SAC","W","S",0,"WL0_5",NA,NA,NA,NA,"W_L_0","N","?"
"86","BETALL26 HF DB_WL0_5","BETALL26 HF DB","BET.ALL","W","S",0,"WL0_5",NA,47,63,58,"W_L_0","N","A"
"87","ILEMUC 13 HF DB_WL0_5","ILEMUC 13 HF DB","ILE.MUC","W","S",0,"WL0_5",NA,NA,NA,NA,"W_L_0","?","?"
"88","CORCOR 16 HF DB_WL0_4","CORCOR 16 HF DB","COR.COR","W","S",0,"WL0_4",NA,NA,NA,NA,"W_L_0","?","?"
"89","ILEVER01 HF DB_WL0_4","ILEVER01 HF DB","ILE.VER","W","S",0,"WL0_4",NA,26,37,30,"W_L_0","?","?"
"90","VIBACE HF9 DB_WL0_4","VIBACE HF9 DB","VIB.ACE","W","S",0,"WL0_4",NA,NA,NA,NA,"W_L_0","N","Y"
"91","COMPER 8 HF DB_WL0_3","COMPER 8 HF DB","COM.PER","W","S",0,"WL0_3",NA,16,40,21,"W_L_0","N","A"
"92","ILEVER08 HF DB_WL0_3","ILEVER08 HF DB","ILE.VER","W","S",0,"WL0_3",NA,40,45,42,"W_L_0","N","A"
"93","VIBACE08 HF DB_WL0_3","VIBACE08 HF DB","VIB.ACE","W","S",0,"WL0_3",NA,NA,NA,NA,"W_L_0","?","?"
"94","CORCOR 16 HF DB_WL0_24","CORCOR 16 HF DB","COR.COR","W","S",0,"WL0_24",NA,NA,NA,NA,"W_L_0","?","?"
"95","ILEVER01 HF DB_WL0_24","ILEVER01 HF DB","ILE.VER","W","S",0,"WL0_24",NA,23,37,26,"W_L_0","N","A"
"96","PRUVIR 4 HF DB_WL0_24","PRUVIR 4 HF DB","PRU.VIR","W","S",0,"WL0_24",NA,NA,NA,NA,"W_L_0","?","?"
"97","CORCOR 16 HF DB_WL0_23","CORCOR 16 HF DB","COR.COR","W","S",0,"WL0_23",NA,NA,NA,NA,"W_L_0","?","?"
"98","PRUPEN 26 HF DB_WL0_23","PRUPEN 26 HF DB","PRU.PEN","W","S",0,"WL0_23",NA,16,42,21,"W_L_0","N","A"
"99","VACCOR 6 HF DB_WL0_23","VACCOR 6 HF DB","VAC.COR","W","S",0,"WL0_23",NA,NA,NA,NA,"W_L_0","?","?"
"100","ACEPEN14 HF DB_WL0_22","ACEPEN14 HF DB","ACE.PEN","W","S",0,"WL0_22",NA,93,NA,NA,"W_L_0","?","A"
"101","ACESAC13 HF DB_WL0_22","ACESAC13 HF DB","ACE.SAC","W","S",0,"WL0_22",NA,NA,NA,NA,"W_L_0","N","?"
"102","COMPER ? HF DB_WL0_22","COMPER ? HF DB","COM.PER","W","S",0,"WL0_22",NA,NA,NA,NA,"W_L_0","?","?"
"103","ACEPEN17 HF DB_WL0_21","ACEPEN17 HF DB","ACE.PEN","W","S",0,"WL0_21",NA,NA,98,NA,"W_L_0","N","A"
"104","ACESAC16 HF DB_WL0_21","ACESAC16 HF DB","ACE.SAC","W","S",0,"WL0_21",NA,NA,NA,NA,"W_L_0","N","?"
"105","ILEMUC 11 HF DB_WL0_21","ILEMUC 11 HF DB","ILE.MUC","W","S",0,"WL0_21",NA,NA,NA,NA,"W_L_0","?","?"
"106","ACEPEN15 HF DB_WL0_20","ACEPEN15 HF DB","ACE.PEN","W","S",0,"WL0_20",NA,NA,NA,112,"W_L_0","?","A"
"107","ACERUB25 HF DB_WL0_20","ACERUB25 HF DB","ACE.RUB","W","S",0,"WL0_20",NA,NA,NA,NA,"W_L_0","?","?"
"108","PRUPEN 21 HF DB_WL0_20","PRUPEN 21 HF DB","BET.SPP","W","S",0,"WL0_20",NA,37,52,40,NA,NA,NA
"109","ACEPEN17 HF DB_WL0_2","ACEPEN17 HF DB","ACE.PEN","W","S",0,"WL0_2",NA,NA,NA,NA,"W_L_0","?","?"
"110","PRUPEN 23 HF DB_WL0_2","PRUPEN 23 HF DB","PRU.PEN","W","S",0,"WL0_2",NA,26,NA,40,"W_L_0","?","D"
"111","PRUVIR 6 HF DB_WL0_2","PRUVIR 6 HF DB","PRU.VIR","W","S",0,"WL0_2",NA,NA,NA,NA,"W_L_0","?","?"
"112","ACESAC17 HF DB_WL0_19","ACESAC17 HF DB","ACE.SAC","W","S",0,"WL0_19",NA,NA,NA,NA,"W_L_0","N","?"
"113","ILEMUC 10 HF DB_WL0_19","ILEMUC 10 HF DB","ILE.MUC","W","S",0,"WL0_19",NA,NA,NA,NA,"W_L_0","?","?"
"114","PRUVIR 3 HF DB_WL0_19","PRUVIR 3 HF DB","PRU.VIR","W","S",0,"WL0_19",NA,NA,NA,NA,"W_L_0","?","?"
"115","ACERUB25 HF DB_WL0_18","ACERUB25 HF DB","ACE.RUB","W","S",0,"WL0_18",NA,NA,NA,NA,"W_L_0","?","?"
"116","BETALL32 HF DB_WL0_18","BETALL32 HF DB","BET.ALL","W","S",0,"WL0_18",NA,42,54,45,"W_L_0","N","A"
"117","VACCOR 7 HF DB_WL0_18","VACCOR 7 HF DB","VAC.COR","W","S",0,"WL0_18",21,42,54,50,"W_L_0","Y","A"
"118","ACERUB22 HF DB_WL0_17","ACERUB22 HF DB","ACE.RUB","W","S",0,"WL0_17",NA,NA,NA,NA,"W_L_0","?","?"
"119","ILEMUC 10 HF DB_WL0_17","ILEMUC 10 HF DB","ILE.MUC","W","S",0,"WL0_17",NA,NA,NA,NA,"W_L_0","?","?"
"120","VIBACE5 HF DB_WL0_17","VIBACE5 HF DB","VIB.ACE","W","S",0,"WL0_17",NA,84,NA,NA,"W_L_0","?","A"
"121","ACESAC17 HF DB_WL0_16","ACESAC17 HF DB","ACE.SAC","W","S",0,"WL0_16",NA,NA,NA,NA,"W_L_0","N","?"
"122","VACCOR 11 HF DB_WL0_16","VACCOR 11 HF DB","VAC.COR","W","S",0,"WL0_16",28,19,30,26,"W_L_0","Y","A"
"123","VIBACE01 HF DB_WL0_16","VIBACE01 HF DB","VIB.ACE","W","S",0,"WL0_16",NA,NA,NA,NA,"W_L_0","?","A"
"124","ACEPEN18 HF DB_WL0_15","ACEPEN18 HF DB","ACE.PEN","W","S",0,"WL0_15",NA,98,104,101,"W_L_0","?","A"
"125","ACERUB23 HF DB_WL0_15","ACERUB23 HF DB","ACE.RUB","W","S",0,"WL0_15",NA,NA,NA,NA,"W_L_0","?","?"
"126","BETALL32 HF DB_WL0_15","BETALL32 HF DB","BET.ALL","W","S",0,"WL0_15",NA,68,73,70,"W_L_0","N","A"
"127","COMPER 3 HF DB_WL0_14","COMPER 3 HF DB","COM.PER","W","S",0,"WL0_14",NA,NA,NA,NA,"W_L_0","?","?"
"128","ILEVER10 HF DB_WL0_14","ILEVER10 HF DB","ILE.VER","W","S",0,"WL0_14",NA,NA,NA,NA,"W_L_0","N","D"
"129","VACCOR 2 HF DB_WL0_14","VACCOR 2 HF DB","VAC.COR","W","S",0,"WL0_14",NA,54,73,63,"W_L_0","N","A"
"130","COMPER 5 HF DB_WL0_13","COMPER 5 HF DB","COM.PER","W","S",0,"WL0_13",NA,NA,NA,NA,"W_L_0","?","?"
"131","ILEVER07 HF DB_WL0_13","ILEVER07 HF DB","ILE.VER","W","S",0,"WL0_13",NA,40,42,40,"W_L_0","N","D"
"132","PRUPEN 24 HF DB_WL0_13","PRUPEN 24 HF DB","PRU.PEN","W","S",0,"WL0_13",NA,33,NA,NA,"W_L_0","N","D"
"133","BETALL25 HF DB_WL0_12","BETALL25 HF DB","BET.ALL","W","S",0,"WL0_12",NA,61,90,73,"W_L_0","N","A"
"134","ILEVER04 HF DB_WL0_12","ILEVER04 HF DB","ILE.VER","W","S",0,"WL0_12",NA,NA,NA,33,"W_L_0","N","D"
"135","VACCOR 11 HF DB_WL0_12","VACCOR 11 HF DB","VAC.COR","W","S",0,"WL0_12",26,28,47,42,"W_L_0","Y","A"
"136","COMPER 5 HF DB_WL0_11","COMPER 5 HF DB","COM.PER","W","S",0,"WL0_11",47,90,104,93,"W_L_0","Y","A"
"137","PRUPEN 23 HF DB_WL0_11","PRUPEN 23 HF DB","PRU.PEN","W","S",0,"WL0_11",NA,16,23,21,"W_L_0","N","A"
"138","PRUVIR 5 HF DB_WL0_11","PRUVIR 5 HF DB","PRU.VIR","W","S",0,"WL0_11",NA,30,56,50,"W_L_0","N","A"
"139","ACESAC18 HF DB_WL0_10","ACESAC18 HF DB","ACE.SAC","W","S",0,"WL0_10",NA,NA,NA,NA,"W_L_0","N","?"
"140","COMPER 6 HF DB_WL0_10","COMPER 6 HF DB","COM.PER","W","S",0,"WL0_10",NA,35,NA,40,"W_L_0","N","D"
"141","CORCOR 15 HF DB_WL0_10","CORCOR 15 HF DB","COR.COR","W","S",0,"WL0_10",NA,NA,NA,NA,"W_L_0","?","?"
"142","ACEPEN18 HF DB_WL0_1","ACEPEN18 HF DB","ACE.PEN","W","S",0,"WL0_1",NA,52,63,58,"W_L_0","N","A"
"143","BETALL32 HF DB_WL0_1","BETALL32 HF DB","BET.ALL","W","S",0,"WL0_1",NA,63,82,73,"W_L_0","N","A"
"144","CORCOR 17 HF DB_WL0_1","CORCOR 17 HF DB","COR.COR","W","S",0,"WL0_1",63,NA,NA,NA,"W_L_0","Y","A"
"145","ACERUB25 HF DB_CS0_9","ACERUB25 HF DB","ACE.RUB","C","S",0,"CS0_9",NA,NA,NA,NA,"C_S_0","?","?"
"146","ILEVER09 HF DB1_CS0_9","ILEVER09 HF DB1","ILE.VER","C","S",0,"CS0_9",NA,NA,NA,NA,"C_S_0","N","D"
"147","PRUPEN16 HF DB_CS0_9","PRUPEN16 HF DB","PRU.PEN","C","S",0,"CS0_9",NA,NA,NA,NA,"C_S_0","?","?"
"148","ACERUB29 HF DB_CS0_8","ACERUB29 HF DB","ACE.RUB","C","S",0,"CS0_8",NA,NA,NA,NA,"C_S_0","?","?"
"149","BETALL32 HF DB_CS0_8","BETALL32 HF DB","BET.ALL","C","S",0,"CS0_8",NA,87,104,96,"C_S_0","N","A"
"150","COMPER 6 HF DB_CS0_8","COMPER 6 HF DB","COM.PER","C","S",0,"CS0_8",NA,NA,NA,NA,"C_S_0","?","?"
"151","BETALL26 HF DB_CS0_7","BETALL26 HF DB","BET.ALL","C","S",0,"CS0_7",NA,70,82,79,"C_S_0","N","A"
"152","VACCOR 7 HF DB_CS0_7","VACCOR 7 HF DB","VAC.COR","C","S",0,"CS0_7",NA,28,NA,NA,"C_S_0","?","?"
"153","VIBACE06 HF DB_CS0_7","VIBACE06 HF DB","VIB.ACE","C","S",0,"CS0_7",NA,NA,NA,NA,"C_S_0","?","?"
"154","ACESAC17 HF DB_CS0_6","ACESAC17 HF DB","ACE.SAC","C","S",0,"CS0_6",NA,NA,NA,NA,"C_S_0","N","?"
"155","BETALL31 HF DB_CS0_6","BETALL31 HF DB","BET.ALL","C","S",0,"CS0_6",NA,82,93,84,"C_S_0","N","A"
"156","VIBACE06 HF DB_CS0_6","VIBACE06 HF DB","VIB.ACE","C","S",0,"CS0_6",NA,90,104,93,"C_S_0","?","A"
"157","ILEVER03 HF DB_CS0_5","ILEVER03 HF DB","ILE.VER","C","S",0,"CS0_5",NA,56,68,65,"C_S_0","?","A"
"158","PRUPEN 24 HF DB_CS0_5","PRUPEN 24 HF DB","PRU.PEN","C","S",0,"CS0_5",NA,33,NA,63,"C_S_0","?","A"
"159","VACCOR 10 HF DB_CS0_5","VACCOR 10 HF DB","VAC.COR","C","S",0,"CS0_5",68,14,79,70,"C_S_0","Y","A"
"160","BETALL32 HF DB_CS0_4","BETALL32 HF DB","BET.ALL","C","S",0,"CS0_4",NA,84,87,82,"C_S_0","N","Y"
"161","COMPER 2 HF DB_CS0_4","COMPER 2 HF DB","COM.PER","C","S",0,"CS0_4",33,NA,NA,NA,"C_S_0","Y","?"
"162","VACCOR 3 HF DB_CS0_4","VACCOR 3 HF DB","VAC.COR","C","S",0,"CS0_4",NA,NA,NA,NA,"C_S_0","?","?"
"163","ACEPEN14 HF DB_CS0_3","ACEPEN14 HF DB","ACE.PEN","C","S",0,"CS0_3",NA,NA,NA,NA,"C_S_0","?","?"
"164","CORCOR10_HF_CS0_3","CORCOR10_HF","COR.COR","C","S",0,"CS0_3",104,NA,NA,NA,"C_S_0","Y","A"
"165","PRUVIR 5 HF DB_CS0_3","PRUVIR 5 HF DB","PRU.VIR","C","S",0,"CS0_3",NA,NA,NA,NA,"C_S_0","?","?"
"166","CORCOR14 HF DB_CS0_24","CORCOR14 HF DB","COR.COR","C","S",0,"CS0_24",73,96,84,79,"C_S_0","Y","A"
"167","PRUPEN 23 HF DB_CS0_24","PRUPEN 23 HF DB","PRU.PEN","C","S",0,"CS0_24",NA,26,NA,NA,"C_S_0","?","A"
"168","PRUVIR 6 HF DB_CS0_24","PRUVIR 6 HF DB","PRU.VIR","C","S",0,"CS0_24",NA,NA,NA,NA,"C_S_0","?","?"
"169","CORCOR09_HF_CS0_23","CORCOR09_HF","COR.COR","C","S",0,"CS0_23",NA,90,NA,107,"C_S_0","?","A"
"170","ILEMUC 11 HF DB_CS0_23","ILEMUC 11 HF DB","ILE.MUC","C","S",0,"CS0_23",NA,NA,NA,NA,"C_S_0","?","?"
"171","VACCOR 8 HF DB_CS0_23","VACCOR 8 HF DB","VAC.COR","C","S",0,"CS0_23",40,28,40,37,"C_S_0","Y","A"
"172","COMPER 4 HF DB_CS0_22","COMPER 4 HF DB","COM.PER","C","S",0,"CS0_22",30,NA,NA,NA,"C_S_0","Y","?"
"173","ILEMUC 14 HF DB_CS0_22","ILEMUC 14 HF DB","ILE.MUC","C","S",0,"CS0_22",NA,NA,NA,NA,"C_S_0","?","?"
"174","PRUVIR 3 HF DB_CS0_22","PRUVIR 3 HF DB","PRU.VIR","C","S",0,"CS0_22",NA,NA,NA,NA,"C_S_0","?","?"
"175","CORCOR 15_HF_CS0_21","CORCOR 15_HF","COR.COR","C","S",0,"CS0_21",68,107,NA,NA,"C_S_0","Y","A"
"176","ILEVER01 HF DB_CS0_21","ILEVER01 HF DB","ILE.VER","C","S",0,"CS0_21",NA,NA,NA,NA,"C_S_0","?","?"
"177","VIBACE09 HF DB_CS0_21","VIBACE09 HF DB","VIB.ACE","C","S",0,"CS0_21",NA,NA,NA,NA,"C_S_0","?","?"
"178","COMPER 8 HF DB_CS0_20","COMPER 8 HF DB","COM.PER","C","S",0,"CS0_20",NA,NA,NA,NA,"C_S_0","?","?"
"179","ILEVER08 HF DB_CS0_20","ILEVER08 HF DB","ILE.VER","C","S",0,"CS0_20",NA,NA,NA,NA,"C_S_0","N","D"
"180","PRUPEN16 HF DB_CS0_20","PRUPEN16 HF DB","PRU.PEN","C","S",0,"CS0_20",NA,30,NA,56,"C_S_0","?","A"
"181","ACESAC11 HF DB_CS0_2","ACESAC11 HF DB","ACE.SAC","C","S",0,"CS0_2",NA,NA,NA,NA,"C_S_0","N","?"
"182","COMPER 5 HF DB_CS0_2","COMPER 5 HF DB","COM.PER","C","S",0,"CS0_2",NA,NA,NA,NA,"C_S_0","?","?"
"183","CORCOR09_HF_CS0_2","CORCOR09_HF","COR.COR","C","S",0,"CS0_2",NA,96,107,101,"C_S_0","N","A"
"184","ACEPEN16 HF DB_CS0_19","ACEPEN16 HF DB","ACE.PEN","C","S",0,"CS0_19",NA,NA,NA,NA,"C_S_0","?","?"
"185","ACERUB25 HF DB_CS0_19","ACERUB25 HF DB","ACE.RUB","C","S",0,"CS0_19",NA,NA,NA,NA,"C_S_0","?","?"
"186","ILEVER08 HF DB_CS0_19","ILEVER08 HF DB","ILE.VER","C","S",0,"CS0_19",NA,NA,NA,NA,"C_S_0","?","?"
"187","ACEPEN20 HF DB_CS0_18","ACEPEN20 HF DB","ACE.PEN","C","S",0,"CS0_18",NA,NA,NA,NA,"C_S_0","?","?"
"188","ACERUB23 HF DB_CS0_18","ACERUB23 HF DB","ACE.RUB","C","S",0,"CS0_18",NA,NA,NA,NA,"C_S_0","?","?"
"189","ACESAC17 HF DB_CS0_18","ACESAC17 HF DB","ACE.SAC","C","S",0,"CS0_18",NA,NA,NA,NA,"C_S_0","N","?"
"190","ILEMUC 9 HF DB_CS0_17","ILEMUC 9 HF DB","ILE.MUC","C","S",0,"CS0_17",NA,NA,NA,NA,"C_S_0","?","?"
"191","PRUPEN 24 HF DB_CS0_17","PRUPEN 24 HF DB","PRU.PEN","C","S",0,"CS0_17",NA,NA,NA,NA,"C_S_0","?","?"
"192","VIBACE07 HF DB_CS0_17","VIBACE07 HF DB","VIB.ACE","C","S",0,"CS0_17",NA,19,87,82,"C_S_0","?","A"
"193","ACERUB28 HF DB_CS0_16","ACERUB28 HF DB","ACE.RUB","C","S",0,"CS0_16",NA,NA,NA,NA,"C_S_0","?","?"
"194","ACESAC19 HF DB_CS0_16","ACESAC19 HF DB","ACE.SAC","C","S",0,"CS0_16",NA,NA,NA,NA,"C_S_0","N","?"
"195","VIBACE11 HF DB_CS0_16","VIBACE11 HF DB","VIB.ACE","C","S",0,"CS0_16",NA,93,104,98,"C_S_0","Y","A"
"196","ACEPEN16 HF DB_CS0_15","ACEPEN16 HF DB","ACE.PEN","C","S",0,"CS0_15",NA,NA,NA,NA,"C_S_0","?","?"
"197","ACERUB23 HF DB_CS0_15","ACERUB23 HF DB","ACE.RUB","C","S",0,"CS0_15",NA,NA,NA,NA,"C_S_0","?","?"
"198","ILEVER01 HF DB_CS0_15","ILEVER01 HF DB","ILE.VER","C","S",0,"CS0_15",NA,56,68,61,"C_S_0","?","A"
"199","BETALL31 HF DB_CS0_14","BETALL31 HF DB","BET.ALL","C","S",0,"CS0_14",NA,82,101,96,"C_S_0","N","A"
"200","ILEMUC 9 HF DB_CS0_14","ILEMUC 9 HF DB","ILE.MUC","C","S",0,"CS0_14",NA,NA,NA,NA,"C_S_0","?","?"
"201","PRUPEN 23 HF DB_CS0_14","PRUPEN 23 HF DB","PRU.PEN","C","S",0,"CS0_14",NA,NA,NA,NA,"C_S_0","?","?"
"202","BETALL31 HF DB_CS0_13","BETALL31 HF DB","BET.ALL","C","S",0,"CS0_13",NA,87,96,96,"C_S_0","N","A"
"203","COMPER 6 HF DB_CS0_13","COMPER 6 HF DB","COM.PER","C","S",0,"CS0_13",NA,NA,NA,NA,"C_S_0","?","?"
"204","ILEMUC 10 HF DB_CS0_13","ILEMUC 10 HF DB","ILE.MUC","C","S",0,"CS0_13",NA,NA,NA,NA,"C_S_0","?","?"
"205","ILEMUC 12 HF DB_CS0_12","ILEMUC 12 HF DB","ILE.MUC","C","S",0,"CS0_12",NA,NA,NA,NA,"C_S_0","?","?"
"206","PRUVIR 3 HF DB_CS0_12","PRUVIR 3 HF DB","PRU.VIR","C","S",0,"CS0_12",NA,NA,NA,NA,"C_S_0","?","?"
"207","VACCOR 3 HF DB_CS0_12","VACCOR 3 HF DB","VAC.COR","C","S",0,"CS0_12",NA,NA,NA,NA,"C_S_0","N","?"
"208","ACESAC17 HF DB_CS0_11","ACESAC17 HF DB","ACE.SAC","C","S",0,"CS0_11",NA,NA,NA,NA,"C_S_0","N","?"
"209","VACCOR 3 HF DB_CS0_11","VACCOR 3 HF DB","VAC.COR","C","S",0,"CS0_11",NA,NA,NA,NA,"C_S_0","Y","A"
"210","VIBACE4 HF DB_CS0_11","VIBACE4 HF DB","VIB.ACE","C","S",0,"CS0_11",NA,NA,NA,NA,"C_S_0","?","?"
"211","ACEPEN14 HF DB_CS0_10","ACEPEN14 HF DB","ACE.PEN","C","S",0,"CS0_10",NA,NA,NA,NA,"C_S_0","?","?"
"212","ACESAC11 HF DB_CS0_10","ACESAC11 HF DB","ACE.SAC","C","S",0,"CS0_10",NA,NA,NA,NA,"C_S_0","N","?"
"213","PRUVIR 7 HF DB_CS0_10","PRUVIR 7 HF DB","AME.SPP","C","S",0,"CS0_10",NA,NA,NA,NA,NA,NA,NA
"214","ACEPEN20 HF DB_CS0_1","ACEPEN20 HF DB","ACE.PEN","C","S",0,"CS0_1",NA,NA,NA,NA,"C_S_0","?","?"
"215","CORCOR06 HF_CS0_1","CORCOR06 HF","COR.COR","C","S",0,"CS0_1",NA,NA,NA,NA,"C_S_0","Y","?"
"216","PRUVIR 2 HF DB_CS0_1","PRUVIR 2 HF DB","PRU.VIR","C","S",0,"CS0_1",NA,NA,NA,NA,"C_S_0","?","?"
"217","BETALL32 HF DB_CL0_9","BETALL32 HF DB","BET.ALL","C","L",0,"CL0_9",NA,NA,82,76,"C_L_0","N","D"
"218","ILEVER06 HF DB_CL0_9","ILEVER06 HF DB","ILE.VER","C","L",0,"CL0_9",NA,NA,NA,NA,"C_L_0","N","D"
"219","VACCOR 6 HF DB_CL0_9","VACCOR 6 HF DB","VAC.COR","C","L",0,"CL0_9",NA,NA,NA,NA,"C_L_0","N","D"
"220","ACESAC19 HF DB_CL0_8","ACESAC19 HF DB","ACE.SAC","C","L",0,"CL0_8",NA,NA,NA,NA,"C_L_0","N","?"
"221","COMPER 1 HF DB_CL0_8","COMPER 1 HF DB","COM.PER","C","L",0,"CL0_8",NA,NA,NA,NA,"C_L_0","?","?"
"222","PRUVIR 5 HF DB_CL0_8","PRUVIR 5 HF DB","PRU.VIR","C","L",0,"CL0_8",NA,NA,NA,NA,"C_L_0","?","?"
"223","ACEPEN20 HF DB_CL0_7","ACEPEN20 HF DB","ACE.PEN","C","L",0,"CL0_7",NA,NA,107,104,"C_L_0","?","A"
"224","ACERUB25 HF DB_CL0_7","ACERUB25 HF DB","ACE.RUB","C","L",0,"CL0_7",NA,NA,NA,NA,"C_L_0","?","A"
"225","ACESAC11 HF DB_CL0_7","ACESAC11 HF DB","ACE.SAC","C","L",0,"CL0_7",NA,NA,NA,NA,"C_L_0","N","?"
"226","ACEPEN18 HF DB_CL0_6","ACEPEN18 HF DB","ACE.PEN","C","L",0,"CL0_6",93,61,68,63,"C_L_0","Y","A"
"227","ACERUB25 HF DB_CL0_6","ACERUB25 HF DB","ACE.RUB","C","L",0,"CL0_6",NA,NA,NA,NA,"C_L_0","?","?"
"228","ILEMUC 10 HF DB_CL0_6","ILEMUC 10 HF DB","ILE.MUC","C","L",0,"CL0_6",NA,104,110,107,"C_L_0","Y","A"
"229","ACEPEN16 HF DB_CL0_5","ACEPEN16 HF DB","ACE.PEN","C","L",0,"CL0_5",NA,NA,NA,NA,"C_L_0","?","?"
"230","ILEMUC 13 HF DB_CL0_5","ILEMUC 13 HF DB","ILE.MUC","C","L",0,"CL0_5",73,70,76,73,"C_L_0","Y","A"
"231","VIBACE06 HF DB_CL0_5","VIBACE06 HF DB","VIB.ACE","C","L",0,"CL0_5",NA,NA,NA,NA,"C_L_0","?","?"
"232","BETALL32 HF DB_CL0_4","BETALL32 HF DB","BET.ALL","C","L",0,"CL0_4",NA,82,93,84,"C_L_0","N","A"
"233","COMPER 2 HF DB_CL0_4","COMPER 2 HF DB","COM.PER","C","L",0,"CL0_4",NA,NA,NA,NA,"C_L_0","?","?"
"234","PRUVIR 2 HF DB_CL0_4","PRUVIR 2 HF DB","PRU.VIR","C","L",0,"CL0_4",NA,NA,NA,NA,"C_L_0","?","?"
"235","COMPER 4 HF DB_CL0_3","COMPER 4 HF DB","COM.PER","C","L",0,"CL0_3",30,NA,NA,NA,"C_L_0","Y","A"
"236","CORCOR07_HF_CL0_3","CORCOR07_HF","COR.COR","C","L",0,"CL0_3",NA,96,107,101,"C_L_0","?","A"
"237","ILEMUC 13 HF DB_CL0_3","ILEMUC 13 HF DB","ILE.MUC","C","L",0,"CL0_3",107,82,93,90,"C_L_0","Y","A"
"238","COMPER 4 HF DB_CL0_24","COMPER 4 HF DB","COM.PER","C","L",0,"CL0_24",33,NA,NA,NA,"C_L_0","Y","A"
"239","PRUPEN17 HF DB_CL0_24","PRUPEN17 HF DB","PRU.PEN","C","L",0,"CL0_24",NA,35,NA,NA,"C_L_0","?","?"
"240","PRUVIR 4 HF DB_CL0_24","PRUVIR 4 HF DB","PRU.VIR","C","L",0,"CL0_24",NA,NA,NA,NA,"C_L_0","?","?"
"241","ACESAC12 HF DB_CL0_23","ACESAC12 HF DB","ACE.SAC","C","L",0,"CL0_23",NA,NA,NA,NA,"C_L_0","N","?"
"242","PRUPEN 23 HF DB_CL0_23","PRUPEN 23 HF DB","PRU.PEN","C","L",0,"CL0_23",NA,NA,NA,NA,"C_L_0","?","?"
"243","VACCOR 11 HF DB_CL0_23","VACCOR 11 HF DB","VAC.COR","C","L",0,"CL0_23",33,90,107,101,"C_L_0","Y","A"
"244","ACEPEN19 HF DB_CL0_22","ACEPEN19 HF DB","ACE.PEN","C","L",0,"CL0_22",87,76,90,84,"C_L_0","Y","A"
"245","ACESAC18 HF DB_CL0_22","ACESAC18 HF DB","ACE.SAC","C","L",0,"CL0_22",NA,NA,NA,NA,"C_L_0","N","?"
"246","VIBACE06 HF DB_CL0_22","VIBACE06 HF DB","VIB.ACE","C","L",0,"CL0_22",NA,NA,NA,NA,"C_L_0","?","?"
"247","ILEMUC 11 HF DB_CL0_21","ILEMUC 11 HF DB","ILE.MUC","C","L",0,"CL0_21",NA,90,NA,NA,"C_L_0","N","Y"
"248","PRUPEN 23 HF DB_CL0_21","PRUPEN 23 HF DB","PRU.PEN","C","L",0,"CL0_21",NA,NA,NA,NA,"C_L_0","N","D"
"249","VACCOR 3 HF DB_CL0_21","VACCOR 3 HF DB","VAC.COR","C","L",0,"CL0_21",93,NA,NA,NA,"C_L_0","Y","?"
"250","ACEPEN17 HF DB_CL0_20","ACEPEN17 HF DB","ACE.PEN","C","L",0,"CL0_20",NA,NA,NA,NA,"C_L_0","N","D"
"251","CORCOR10_HF_CL0_20","CORCOR10_HF","COR.COR","C","L",0,"CL0_20",52,82,96,90,"C_L_0","Y","A"
"252","PRUVIR 2 HF DB_CL0_20","PRUVIR 2 HF DB","PRU.VIR","C","L",0,"CL0_20",NA,NA,NA,NA,"C_L_0","?","?"
"253","BETALL33 HF DB_CL0_2","BETALL33 HF DB","BET.ALL","C","L",0,"CL0_2",NA,104,110,107,"C_L_0","N","A"
"254","ILEVER04 HF DB_CL0_2","ILEVER04 HF DB","ILE.VER","C","L",0,"CL0_2",NA,NA,NA,NA,"C_L_0","?","?"
"255","PRUPEN 22 HF DB_CL0_2","PRUPEN 22 HF DB","PRU.PEN","C","L",0,"CL0_2",NA,35,82,45,"C_L_0","N","A"
"256","ACERUB23 HF DB_CL0_19","ACERUB23 HF DB","ACE.RUB","C","L",0,"CL0_19",NA,NA,NA,NA,"C_L_0","?","?"
"257","PRUVIR 6 HF DB_CL0_19","PRUVIR 6 HF DB","PRU.VIR","C","L",0,"CL0_19",NA,NA,NA,NA,"C_L_0","?","?"
"258","VACCOR 11 HF DB_CL0_19","VACCOR 11 HF DB","VAC.COR","C","L",0,"CL0_19",45,84,110,101,"C_L_0","Y","A"
"259","COMPER 6 HF DB_CL0_18","COMPER 6 HF DB","COM.PER","C","L",0,"CL0_18",NA,NA,NA,NA,"C_L_0","Y","?"
"260","ILEMUC 12 HF DB_CL0_18","ILEMUC 12 HF DB","ILE.MUC","C","L",0,"CL0_18",NA,NA,NA,NA,"C_L_0","?","?"
"261","VIBACE10 HF DB_CL0_18","VIBACE10 HF DB","VIB.ACE","C","L",0,"CL0_18",NA,96,NA,104,"C_L_0","Y","A"
"262","ACERUB23 HF DB_CL0_17","ACERUB23 HF DB","ACE.RUB","C","L",0,"CL0_17",61,NA,NA,NA,"C_L_0","Y","A"
"263","BETALL31 HF DB_CL0_17","BETALL31 HF DB","BET.ALL","C","L",0,"CL0_17",NA,68,76,70,"C_L_0","N","A"
"264","CORCOR 16 HF DB_CL0_17","CORCOR 16 HF DB","COR.COR","C","L",0,"CL0_17",82,90,104,98,"C_L_0","Y","A"
"265","CORCOR09_HF_CL0_16","CORCOR09_HF","COR.COR","C","L",0,"CL0_16",NA,90,104,90,"C_L_0","?","A"
"266","VACCOR 1 HF DB_CL0_16","VACCOR 1 HF DB","VAC.COR","C","L",0,"CL0_16",40,63,104,101,"C_L_0","Y","A"
"267","VIBACE01 HF DB_CL0_16","VIBACE01 HF DB","VIB.ACE","C","L",0,"CL0_16",NA,63,90,82,"C_L_0","Y","A"
"268","BETALL34 HF DB_CL0_15","BETALL34 HF DB","BET.ALL","C","L",0,"CL0_15",NA,82,104,93,"C_L_0","N","A"
"269","CORCOR07_HF_CL0_15","CORCOR07_HF","COR.COR","C","L",0,"CL0_15",68,84,101,90,"C_L_0","Y","A"
"270","ILEVER04 HF DB_CL0_15","ILEVER04 HF DB","ILE.VER","C","L",0,"CL0_15",NA,NA,NA,NA,"C_L_0","N","?"
"271","ACERUB26 HF DB_CL0_14","ACERUB26 HF DB","ACE.RUB","C","L",0,"CL0_14",NA,NA,NA,NA,"C_L_0","?","?"
"272","BETALL26 HF DB_CL0_14","BETALL26 HF DB","BET.ALL","C","L",0,"CL0_14",NA,58,68,63,"C_L_0","N","A"
"273","VIBACE4 HF DB_CL0_14","VIBACE4 HF DB","VIB.ACE","C","L",0,"CL0_14",NA,112,NA,NA,"C_L_0","N","A"
"274","PRUPEN 24 HF DB_CL0_13","PRUPEN 24 HF DB","PRU.PEN","C","L",0,"CL0_13",NA,47,NA,52,"C_L_0","N","A"
"275","PRUVIR 7 HF DB_CL0_13","PRUVIR 7 HF DB","AME.SPP","C","L",0,"CL0_13",NA,NA,NA,NA,NA,NA,NA
"276","VACCOR 10 HF DB_CL0_13","VACCOR 10 HF DB","VAC.COR","C","L",0,"CL0_13",40,30,50,35,"C_L_0","Y","A"
"277","ACESAC11 HF DB_CL0_12","ACESAC11 HF DB","ACE.SAC","C","L",0,"CL0_12",NA,NA,NA,NA,"C_L_0","N","?"
"278","CORCOR09_HF_CL0_12","CORCOR09_HF","COR.COR","C","L",0,"CL0_12",73,87,104,93,"C_L_0","Y","D"
"279","ILEVER08 HF DB_CL0_12","ILEVER08 HF DB","ILE.VER","C","L",0,"CL0_12",NA,93,101,96,"C_L_0","N","A"
"280","ACEPEN17 HF DB_CL0_11","ACEPEN17 HF DB","ACE.PEN","C","L",0,"CL0_11",NA,NA,NA,NA,"C_L_0","N","D"
"281","ACESAC11 HF DB_CL0_11","ACESAC11 HF DB","ACE.SAC","C","L",0,"CL0_11",NA,NA,NA,NA,"C_L_0","N","?"
"282","ILEVER05 HF DB_CL0_11","ILEVER05 HF DB","ILE.VER","C","L",0,"CL0_11",NA,96,101,98,"C_L_0","N","A"
"283","ILEMUC 12 HF DB_CL0_10","ILEMUC 12 HF DB","ILE.MUC","C","L",0,"CL0_10",96,93,96,93,"C_L_0","Y","A"
"284","ILEVER07 HF DB_CL0_10","ILEVER07 HF DB","ILE.VER","C","L",0,"CL0_10",NA,47,52,50,"C_L_0","N","A"
"285","VIBACE06 HF DB_CL0_10","VIBACE06 HF DB","VIB.ACE","C","L",0,"CL0_10",NA,NA,NA,NA,"C_L_0","N","?"
"286","ACERUB27 HF DB_CL0_1","ACERUB27 HF DB","ACE.RUB","C","L",0,"CL0_1",NA,NA,NA,NA,"C_L_0","N","?"
"287","COMPER 2 HF DB_CL0_1","COMPER 2 HF DB","COM.PER","C","L",0,"CL0_1",30,NA,NA,NA,"C_L_0","Y","A"
"288","PRUPEN 21 HF DB_CL0_1","PRUPEN 21 HF DB","BET.SPP","C","L",0,"CL0_1",NA,50,61,52,NA,NA,NA
"289","ACERUB25 HF DB_WS1_9","ACERUB25 HF DB","ACE.RUB","W","S",1,"WS1_9",NA,NA,NA,NA,"W_S_1","?","A"
"290","CORCOR10_HF_WS1_9","CORCOR10_HF","COR.COR","W","S",1,"WS1_9",42,82,NA,94,"W_S_1","Y","A"
"291","VACCOR 9 HF DB_WS1_9","VACCOR 9 HF DB","VAC.COR","W","S",1,"WS1_9",24,12,22,17,"W_S_1","Y","A"
"292","COMPER 3 HF DB_WS1_8","COMPER 3 HF DB","COM.PER","W","S",1,"WS1_8",24,17,24,19,"W_S_1","Y","A"
"293","VACCOR 3 HF DB_WS1_8","VACCOR 3 HF DB","VAC.COR","W","S",1,"WS1_8",22,37,62,42,"W_S_1","Y","A"
"294","VIBACE4 HF DB_WS1_8","VIBACE4 HF DB","VIB.ACE","W","S",1,"WS1_8",NA,NA,NA,NA,"W_S_1","?","D"
"295","ACESAC19 HF DB_WS1_7","ACESAC19 HF DB","ACE.SAC","W","S",1,"WS1_7",NA,NA,NA,NA,"W_S_1","N","D"
"296","ILEVER10 HF DB_WS1_7","ILEVER10 HF DB","ILE.VER","W","S",1,"WS1_7",NA,NA,NA,NA,"W_S_1","?","D"
"297","VACCOR ? HF DB_WS1_7","VACCOR ? HF DB","VAC.COR","W","S",1,"WS1_7",26,7,33,14,"W_S_1","Y","A"
"298","ACESAC16 HF DB_WS1_6","ACESAC16 HF DB","ACE.SAC","W","S",1,"WS1_6",NA,NA,68,65,"W_S_1","N","A"
"299","BETALL34 HF DB_WS1_6","BETALL34 HF DB","BET.ALL","W","S",1,"WS1_6",NA,NA,54,42,"W_S_1","N","A"
"300","ILEVER08 HF DB_WS1_6","ILEVER08 HF DB","ILE.VER","W","S",1,"WS1_6",NA,14,22,17,"W_S_1","N","A"
"301","ACEPEN17 HF DB_WS1_5","ACEPEN17 HF DB","ACE.PEN","W","S",1,"WS1_5",NA,35,48,42,"W_S_1","N","A"
"302","PRUPEN 24 HF DB_WS1_5","PRUPEN 24 HF DB","PRU.PEN","W","S",1,"WS1_5",NA,12,24,19,"W_S_1","N","A"
"303","PRUVIR 7 HF DB_WS1_5","PRUVIR 7 HF DB","AME.SPP","W","S",1,"WS1_5",40,45,86,51,NA,NA,NA
"304","ACEPEN14 HF DB_WS1_4","ACEPEN14 HF DB","ACE.PEN","W","S",1,"WS1_4",NA,33,45,40,"W_S_1","N","A"
"305","CORCOR 17 HF DB_WS1_4","CORCOR 17 HF DB","COR.COR","W","S",1,"WS1_4",33,48,76,62,"W_S_1","Y","A"
"306","PRUVIR 5 HF DB_WS1_4","PRUVIR 5 HF DB","PRU.VIR","W","S",1,"WS1_4",54,NA,28,NA,"W_S_1","Y","A"
"307","ACEPEN18 HF DB_WS1_3","ACEPEN18 HF DB","ACE.PEN","W","S",1,"WS1_3",37,33,42,35,"W_S_1","Y","A"
"308","ACESAC12 HF DB_WS1_3","ACESAC12 HF DB","ACE.SAC","W","S",1,"WS1_3",NA,NA,NA,NA,"W_S_1","N","A"
"309","VIBACE06 HF DB_WS1_3","VIBACE06 HF DB","VIB.ACE","W","S",1,"WS1_3",NA,NA,NA,NA,"W_S_1","?","D"
"310","PRUPEN 24 HF DB_WS1_24","PRUPEN 24 HF DB","PRU.PEN","W","S",1,"WS1_24",26,12,24,19,"W_S_1","Y","A"
"311","PRUVIR 7 HF DB_WS1_24","PRUVIR 7 HF DB","AME.SPP","W","S",1,"WS1_24",NA,NA,NA,NA,NA,NA,NA
"312","VIBACE08 HF DB_WS1_24","VIBACE08 HF DB","VIB.ACE","W","S",1,"WS1_24",NA,22,28,24,"W_S_1","N","A"
"313","BETALL33 HF DB_WS1_23","BETALL33 HF DB","BET.ALL","W","S",1,"WS1_23",NA,70,35,33,"W_S_1","N","A"
"314","ILEMUC 14 HF DB_WS1_23","ILEMUC 14 HF DB","ILE.MUC","W","S",1,"WS1_23",NA,NA,NA,NA,"W_S_1","?","D"
"315","VACCOR 1 HF DB_WS1_23","VACCOR 1 HF DB","VAC.COR","W","S",1,"WS1_23",19,40,48,42,"W_S_1","Y","A"
"316","ACESAC11 HF DB_WS1_22","ACESAC11 HF DB","ACE.SAC","W","S",1,"WS1_22",NA,62,NA,NA,"W_S_1","N","D"
"317","BETALL33 HF DB_WS1_22","BETALL33 HF DB","BET.ALL","W","S",1,"WS1_22",NA,79,54,51,"W_S_1","N","A"
"318","VIBACE02 HF DB_WS1_22","VIBACE02 HF DB","VIB.ACE","W","S",1,"WS1_22",NA,37,42,40,"W_S_1","N","A"
"319","ACERUB28 HF DB_WS1_21","ACERUB28 HF DB","ACE.RUB","W","S",1,"WS1_21",NA,NA,NA,NA,"W_S_1","?","A"
"320","COMPER 8 HF DB_WS1_21","COMPER 8 HF DB","COM.PER","W","S",1,"WS1_21",14,14,35,19,"W_S_1","Y","A"
"321","VIBACE4 HF DB_WS1_21","VIBACE4 HF DB","VIB.ACE","W","S",1,"WS1_21",NA,NA,NA,NA,"W_S_1","?","D"
"322","ACESAC11 HF DB_WS1_20","ACESAC11 HF DB","ACE.SAC","W","S",1,"WS1_20",NA,68,76,73,"W_S_1","N","D"
"323","CORCOR14 HF DB_WS1_20","CORCOR14 HF DB","COR.COR","W","S",1,"WS1_20",24,33,40,35,"W_S_1","Y","A"
"324","PRUPEN 24 HF DB_WS1_20","PRUPEN 24 HF DB","PRU.PEN","W","S",1,"WS1_20",26,12,19,17,"W_S_1","Y","A"
"325","BETALL32 HF DB_WS1_2","BETALL32 HF DB","BET.ALL","W","S",1,"WS1_2",NA,37,51,45,"W_S_1","N","A"
"326","CORCOR08_HF_WS1_2","CORCOR08_HF","COR.COR","W","S",1,"WS1_2",37,37,45,40,"W_S_1","Y","A"
"327","ILEVER05 HF DB_WS1_2","ILEVER05 HF DB","ILE.VER","W","S",1,"WS1_2",NA,19,26,22,"W_S_1","N","A"
"328","ACEPEN19 HF DB_WS1_19","ACEPEN19 HF DB","ACE.PEN","W","S",1,"WS1_19",42,33,45,40,"W_S_1","Y","A"
"329","CORCOR07_HF_WS1_19","CORCOR07_HF","COR.COR","W","S",1,"WS1_19",NA,NA,NA,NA,"W_S_1","?","D"
"330","ILEMUC 14 HF DB_WS1_19","ILEMUC 14 HF DB","ILE.MUC","W","S",1,"WS1_19",NA,28,37,33,"W_S_1","N","A"
"331","ACERUB29 HF DB_WS1_18","ACERUB29 HF DB","ACE.RUB","W","S",1,"WS1_18",NA,NA,NA,NA,"W_S_1","N","D"
"332","ILEVER08 HF DB_WS1_18","ILEVER08 HF DB","ILE.VER","W","S",1,"WS1_18",NA,17,22,19,"W_S_1","N","A"
"333","PRUVIR 3 HF DB_WS1_18","PRUVIR 3 HF DB","PRU.VIR","W","S",1,"WS1_18",NA,35,NA,40,"W_S_1","?","D"
"334","ACEPEN16 HF DB_WS1_17","ACEPEN16 HF DB","ACE.PEN","W","S",1,"WS1_17",40,33,40,35,"W_S_1","Y","A"
"335","ACERUB26 HF DB_WS1_17","ACERUB26 HF DB","ACE.RUB","W","S",1,"WS1_17",56,NA,NA,NA,"W_S_1","Y","A"
"336","VACCOR 7 HF DB_WS1_17","VACCOR 7 HF DB","VAC.COR","W","S",1,"WS1_17",NA,17,28,24,"W_S_1","N","A"
"337","ACEPEN14 HF DB_WS1_16","ACEPEN14 HF DB","ACE.PEN","W","S",1,"WS1_16",NA,40,54,51,"W_S_1","N","A"
"338","ILEMUC 10 HF DB_WS1_16","ILEMUC 10 HF DB","ILE.MUC","W","S",1,"WS1_16",89,NA,62,NA,"W_S_1","Y","A"
"339","PRUVIR 7 HF DB_WS1_16","PRUVIR 7 HF DB","AME.SPP","W","S",1,"WS1_16",NA,NA,NA,NA,NA,NA,NA
"340","ACESAC18 HF DB_WS1_15","ACESAC18 HF DB","ACE.SAC","W","S",1,"WS1_15",NA,NA,NA,NA,"W_S_1","N","A"
"341","ILEVER05 HF DB_WS1_15","ILEVER05 HF DB","ILE.VER","W","S",1,"WS1_15",NA,17,24,22,"W_S_1","N","A"
"342","PRUPEN17 HF DB_WS1_15","PRUPEN17 HF DB","PRU.PEN","W","S",1,"WS1_15",24,9,17,14,"W_S_1","Y","A"
"343","ACERUB28 HF DB_WS1_14","ACERUB28 HF DB","ACE.RUB","W","S",1,"WS1_14",NA,NA,NA,NA,"W_S_1","?","A"
"344","ILEMUC 12 HF DB_WS1_14","ILEMUC 12 HF DB","ILE.MUC","W","S",1,"WS1_14",NA,NA,NA,NA,"W_S_1","?","A"
"345","ILEVER 5 HF DB_WS1_14","ILEVER 5 HF DB","ILE.VER","W","S",1,"WS1_14",NA,14,28,22,"W_S_1","N","A"
"346","COMPER 3 HF DB_WS1_13","COMPER 3 HF DB","COM.PER","W","S",1,"WS1_13",12,17,26,22,"W_S_1","Y","A"
"347","PRUVIR 4 HF DB_WS1_13","PRUVIR 4 HF DB","PRU.VIR","W","S",1,"WS1_13",45,NA,35,33,"W_S_1","Y","A"
"348","VACCOR 1 HF DB_WS1_13","VACCOR 1 HF DB","VAC.COR","W","S",1,"WS1_13",17,12,22,17,"W_S_1","Y","A"
"349","COMPER 3 HF DB_WS1_12","COMPER 3 HF DB","COM.PER","W","S",1,"WS1_12",NA,14,22,17,"W_S_1","Y","A"
"350","CORCOR10_HF_WS1_12","CORCOR10_HF","COR.COR","W","S",1,"WS1_12",NA,86,65,62,"W_S_1","N","A"
"351","ILEMUC 12 HF DB_WS1_12","ILEMUC 12 HF DB","ILE.MUC","W","S",1,"WS1_12",79,76,79,107,"W_S_1","Y","A"
"352","BETALL26 HF DB_WS1_11","BETALL26 HF DB","BET.ALL","W","S",1,"WS1_11",NA,33,45,40,"W_S_1","N","A"
"353","COMPER 2 HF DB_WS1_11","COMPER 2 HF DB","COM.PER","W","S",1,"WS1_11",9,19,48,26,"W_S_1","Y","A"
"354","PRUPEN 22 HF DB_WS1_11","PRUPEN 22 HF DB","PRU.PEN","W","S",1,"WS1_11",NA,12,24,19,"W_S_1","N","A"
"355","BETALL32 HF DB_WS1_10","BETALL32 HF DB","BET.ALL","W","S",1,"WS1_10",NA,42,51,45,"W_S_1","N","A"
"356","COMPER 3 HF DB_WS1_10","COMPER 3 HF DB","COM.PER","W","S",1,"WS1_10",NA,14,26,17,"W_S_1","N","A"
"357","PRUPEN17 HF DB_WS1_10","PRUPEN17 HF DB","PRU.PEN","W","S",1,"WS1_10",NA,NA,NA,NA,"W_S_1","N","D"
"358","ACERUB25 HF DB_WS1_1","ACERUB25 HF DB","ACE.RUB","W","S",1,"WS1_1",NA,NA,NA,NA,"W_S_1","?","A"
"359","ILEMUC 14 HF DB_WS1_1","ILEMUC 14 HF DB","ILE.MUC","W","S",1,"WS1_1",NA,45,51,48,"W_S_1","N","A"
"360","VIBACE07 HF DB_WS1_1","VIBACE07 HF DB","VIB.ACE","W","S",1,"WS1_1",NA,NA,NA,NA,"W_S_1","N","D"
"361","COMPER ? HF DB_WL1_9","COMPER ? HF DB","COM.PER","W","L",1,"WL1_9",14,28,42,35,"W_L_1","Y","A"
"362","ILEMUC 13 HF DB_WL1_9","ILEMUC 13 HF DB","ILE.MUC","W","L",1,"WL1_9",33,22,33,28,"W_L_1","Y","A"
"363","VIBACE08 HF DB_WL1_9","VIBACE08 HF DB","VIB.ACE","W","L",1,"WL1_9",NA,17,24,19,"W_L_1","N","A"
"364","ACERUB25 HF DB_WL1_8","ACERUB25 HF DB","ACE.RUB","W","L",1,"WL1_8",NA,NA,NA,NA,"W_L_1","?","A"
"365","BETALL31 HF DB_WL1_8","BETALL31 HF DB","BET.ALL","W","L",1,"WL1_8",NA,33,40,35,"W_L_1","N","A"
"366","COMPER 4 HF DB_WL1_8","COMPER 4 HF DB","COM.PER","W","L",1,"WL1_8",12,9,33,22,"W_L_1","Y","A"
"367","BETALL31 HF DB_WL1_7","BETALL31 HF DB","BET.ALL","W","L",1,"WL1_7",NA,33,51,42,"W_L_1","N","A"
"368","CORCOR06 HF_WL1_7","CORCOR06 HF","COR.COR","W","L",1,"WL1_7",NA,22,26,24,"W_L_1","N","A"
"369","PRUPEN 26 HF DB_WL1_7","PRUPEN 26 HF DB","PRU.PEN","W","L",1,"WL1_7",NA,12,22,14,"W_L_1","N","A"
"370","ACEPEN17 HF DB_WL1_6","ACEPEN17 HF DB","ACE.PEN","W","L",1,"WL1_6",NA,26,40,37,"W_L_1","N","A"
"371","ACESAC18 HF DB_WL1_6","ACESAC18 HF DB","ACE.SAC","W","L",1,"WL1_6",NA,NA,56,51,"W_L_1","N","D"
"372","PRUPEN17 HF DB_WL1_6","PRUPEN17 HF DB","PRU.PEN","W","L",1,"WL1_6",22,9,17,14,"W_L_1","Y","A"
"373","BETALL34 HF DB_WL1_5","BETALL34 HF DB","BET.ALL","W","L",1,"WL1_5",NA,24,45,33,"W_L_1","N","A"
"374","CORCOR10_HF_WL1_5","CORCOR10_HF","COR.COR","W","L",1,"WL1_5",NA,NA,NA,NA,"W_L_1","N","D"
"375","ILEMUC 9 HF DB_WL1_5","ILEMUC 9 HF DB","ILE.MUC","W","L",1,"WL1_5",NA,24,28,26,"W_L_1","N","A"
"376","ACEPEN20 HF DB_WL1_4","ACEPEN20 HF DB","ACE.PEN","W","L",1,"WL1_4",NA,33,42,37,"W_L_1","N","A"
"377","CORCOR09_HF_WL1_4","CORCOR09_HF","COR.COR","W","L",1,"WL1_4",NA,35,48,35,"W_L_1","N","A"
"378","ILEMUC 9 HF DB_WL1_4","ILEMUC 9 HF DB","ILE.MUC","W","L",1,"WL1_4",NA,22,28,26,"W_L_1","N","A"
"379","ACESAC13 HF DB_WL1_3","ACESAC13 HF DB","ACE.SAC","W","L",1,"WL1_3",NA,48,51,NA,"W_L_1","N","A"
"380","BETALL31 HF DB_WL1_3","BETALL31 HF DB","BET.ALL","W","L",1,"WL1_3",NA,28,35,30,"W_L_1","N","A"
"381","PRUPEN 24 HF DB_WL1_3","PRUPEN 24 HF DB","PRU.PEN","W","L",1,"WL1_3",22,7,17,12,"W_L_1","Y","A"
"382","ACEPEN14 HF DB_WL1_24","ACEPEN14 HF DB","ACE.PEN","W","L",1,"WL1_24",NA,NA,NA,NA,"W_L_1","?","A"
"383","ILEMUC 12 HF DB_WL1_24","ILEMUC 12 HF DB","ILE.MUC","W","L",1,"WL1_24",NA,40,62,54,"W_L_1","N","A"
"384","ILEVER06 HF DB_WL1_24","ILEVER06 HF DB","ILE.VER","W","L",1,"WL1_24",62,19,24,22,"W_L_1","Y","A"
"385","ILEMUC 14 HF DB_WL1_23","ILEMUC 14 HF DB","ILE.MUC","W","L",1,"WL1_23",NA,22,24,22,"W_L_1","N","A"
"386","ILEVER04 HF DB_WL1_23","ILEVER04 HF DB","ILE.VER","W","L",1,"WL1_23",NA,17,22,19,"W_L_1","N","A"
"387","VACCOR 7 HF DB_WL1_23","VACCOR 7 HF DB","VAC.COR","W","L",1,"WL1_23",17,12,22,14,"W_L_1","Y","A"
"388","CORCOR 15 HF DB_WL1_22","CORCOR 15 HF DB","COR.COR","W","L",1,"WL1_22",NA,NA,NA,NA,"W_L_1","N","D"
"389","PRUPEN 23 HF DB_WL1_22","PRUPEN 23 HF DB","PRU.PEN","W","L",1,"WL1_22",NA,9,12,14,"W_L_1","N","A"
"390","VACCOR 7 HF DB_WL1_22","VACCOR 7 HF DB","VAC.COR","W","L",1,"WL1_22",NA,17,28,24,"W_L_1","N","D"
"391","BETALL26 HF DB_WL1_21","BETALL26 HF DB","BET.ALL","W","L",1,"WL1_21",NA,33,35,33,"W_L_1","N","A"
"392","ILEMUC 13 HF DB_WL1_21","ILEMUC 13 HF DB","ILE.MUC","W","L",1,"WL1_21",35,30,35,33,"W_L_1","Y","A"
"393","VACCOR 2 HF DB_WL1_21","VACCOR 2 HF DB","VAC.COR","W","L",1,"WL1_21",19,14,22,17,"W_L_1","Y","A"
"394","ACERUB23 HF DB_WL1_20","ACERUB23 HF DB","ACE.RUB","W","L",1,"WL1_20",28,NA,73,NA,"W_L_1","Y","A"
"395","ACESAC13 HF DB_WL1_20","ACESAC13 HF DB","ACE.SAC","W","L",1,"WL1_20",NA,48,51,NA,"W_L_1","N","D"
"396","COMPER 6 HF DB_WL1_20","COMPER 6 HF DB","COM.PER","W","L",1,"WL1_20",17,14,30,22,"W_L_1","Y","A"
"397","ACEPEN19 HF DB_WL1_2","ACEPEN19 HF DB","ACE.PEN","W","L",1,"WL1_2",NA,17,26,24,"W_L_1","N","A"
"398","COMPER 5 HF DB_WL1_2","COMPER 5 HF DB","COM.PER","W","L",1,"WL1_2",17,26,35,28,"W_L_1","Y","A"
"399","VIBACE06 HF DB_WL1_2","VIBACE06 HF DB","VIB.ACE","W","L",1,"WL1_2",NA,30,45,33,"W_L_1","N","A"
"400","ILEVER07 HF DB_WL1_19","ILEVER07 HF DB","ILE.VER","W","L",1,"WL1_19",NA,12,19,17,"W_L_1","N","A"
"401","PRUVIR 2 HF DB_WL1_19","PRUVIR 2 HF DB","PRU.VIR","W","L",1,"WL1_19",NA,33,37,30,"W_L_1","N","D"
"402","VIBACE06 HF DB_WL1_19","VIBACE06 HF DB","VIB.ACE","W","L",1,"WL1_19",NA,NA,NA,NA,"W_L_1","N","D"
"403","ACESAC11 HF DB_WL1_18","ACESAC11 HF DB","ACE.SAC","W","L",1,"WL1_18",NA,NA,70,68,"W_L_1","N","D"
"404","CORCOR16 HF_WL1_18","CORCOR16 HF","COR.COR","W","L",1,"WL1_18",28,28,54,35,"W_L_1","Y","A"
"405","VIBACE4 HF DB_WL1_18","VIBACE4 HF DB","VIB.ACE","W","L",1,"WL1_18",NA,NA,NA,NA,"W_L_1","N","D"
"406","ACEPEN14 HF DB_WL1_17","ACEPEN14 HF DB","ACE.PEN","W","L",1,"WL1_17",NA,28,42,40,"W_L_1","N","A"
"407","ACESAC17 HF DB_WL1_17","ACESAC17 HF DB","ACE.SAC","W","L",1,"WL1_17",NA,65,68,NA,"W_L_1","N","D"
"408","VIBACE11 HF DB_WL1_17","VIBACE11 HF DB","VIB.ACE","W","L",1,"WL1_17",NA,28,40,33,"W_L_1","N","A"
"409","ACEPEN16 HF DB_WL1_16","ACEPEN16 HF DB","ACE.PEN","W","L",1,"WL1_16",NA,33,54,51,"W_L_1","N","A"
"410","ACERUB28 HF DB_WL1_16","ACERUB28 HF DB","ACE.RUB","W","L",1,"WL1_16",NA,NA,NA,NA,"W_L_1","?","A"
"411","ILEVER06 HF DB_WL1_16","ILEVER06 HF DB","ILE.VER","W","L",1,"WL1_16",NA,14,22,17,"W_L_1","N","D"
"412","ACERUB23 HF DB_WL1_15","ACERUB23 HF DB","ACE.RUB","W","L",1,"WL1_15",33,62,68,65,"W_L_1","Y","A"
"413","ILEVER05 HF DB_WL1_15","ILEVER05 HF DB","ILE.VER","W","L",1,"WL1_15",NA,14,22,17,"W_L_1","N","A"
"414","PRUVIR 4 HF DB_WL1_15","PRUVIR 4 HF DB","PRU.VIR","W","L",1,"WL1_15",NA,26,33,28,"W_L_1","N","A"
"415","BETALL31 HF DB_WL1_14","BETALL31 HF DB","BET.ALL","W","L",1,"WL1_14",NA,35,42,37,"W_L_1","N","A"
"416","COMPER 5 HF DB_WL1_14","COMPER 5 HF DB","COM.PER","W","L",1,"WL1_14",12,17,42,24,"W_L_1","Y","A"
"417","CORCOR16_HF_WL1_14","CORCOR16_HF","COR.COR","W","L",1,"WL1_14",NA,33,54,40,"W_L_1","N","A"
"418","ACERUB22 HF DB_WL1_13","ACERUB22 HF DB","ACE.RUB","W","L",1,"WL1_13",NA,NA,NA,NA,"W_L_1","N","D"
"419","COMPER 3 HF DB_WL1_13","COMPER 3 HF DB","COM.PER","W","L",1,"WL1_13",37,28,45,30,"W_L_1","Y","A"
"420","ILEVER05 HF DB_WL1_13","ILEVER05 HF DB","ILE.VER","W","L",1,"WL1_13",NA,28,NA,37,"W_L_1","N","D"
"421","PRUPEN 22 HF DB_WL1_12","PRUPEN 22 HF DB","PRU.PEN","W","L",1,"WL1_12",NA,9,22,17,"W_L_1","N","A"
"422","PRUVIR 3 HF DB_WL1_12","PRUVIR 3 HF DB","PRU.VIR","W","L",1,"WL1_12",40,NA,30,28,"W_L_1","Y","A"
"423","VACCOR 9 HF DB_WL1_12","VACCOR 9 HF DB","VAC.COR","W","L",1,"WL1_12",NA,9,17,14,"W_L_1","N","A"
"424","PRUVIR 6 HF DB_WL1_11","PRUVIR 6 HF DB","PRU.VIR","W","L",1,"WL1_11",NA,28,35,30,"W_L_1","Y","A"
"425","VACCOR 7 HF DB_WL1_11","VACCOR 7 HF DB","VAC.COR","W","L",1,"WL1_11",19,17,26,24,"W_L_1","Y","A"
"426","VIBACE09 HF DB_WL1_11","VIBACE09 HF DB","VIB.ACE","W","L",1,"WL1_11",NA,22,28,26,"W_L_1","N","A"
"427","ACESAC12 HF DB_WL1_10","ACESAC12 HF DB","ACE.SAC","W","L",1,"WL1_10",NA,NA,NA,NA,"W_L_1","N","A"
"428","PRUVIR 2 HF DB_WL1_10","PRUVIR 2 HF DB","PRU.VIR","W","L",1,"WL1_10",NA,28,37,33,"W_L_1","N","A"
"429","VACCOR 6 HF DB_WL1_10","VACCOR 6 HF DB","VAC.COR","W","L",1,"WL1_10",24,14,22,17,"W_L_1","Y","A"
"430","ACERUB27 HF DB_WL1_1","ACERUB27 HF DB","ACE.RUB","W","L",1,"WL1_1",NA,NA,NA,NA,"W_L_1","N","D"
"431","PRUPEN 24 HF DB_WL1_1","PRUPEN 24 HF DB","PRU.PEN","W","L",1,"WL1_1",22,9,22,14,"W_L_1","N","A"
"432","PRUVIR 2 HF DB_WL1_1","PRUVIR 2 HF DB","PRU.VIR","W","L",1,"WL1_1",NA,33,48,37,"W_L_1","N","A"
"433","ACEPEN15 HF DB_CS1_9","ACEPEN15 HF DB","ACE.PEN","C","S",1,"CS1_9",NA,51,62,48,"C_S_1","N","A"
"434","COMPER 8 HF DB_CS1_9","COMPER 8 HF DB","COM.PER","C","S",1,"CS1_9",35,40,62,51,"C_S_1","Y","A"
"435","PRUPEN 21 HF DB_CS1_9","PRUPEN 21 HF DB","BET.SPP","C","S",1,"CS1_9",NA,30,48,35,NA,NA,NA
"436","COMPER 6 HF DB_CS1_8","COMPER 6 HF DB","COM.PER","C","S",1,"CS1_8",28,48,NA,NA,"C_S_1","Y","D"
"437","CORCOR 16 HF DB_CS1_8","CORCOR 16 HF DB","COR.COR","C","S",1,"CS1_8",NA,54,NA,NA,"C_S_1","Y","D"
"438","PRUPEN 22 HF DB_CS1_8","PRUPEN 22 HF DB","PRU.PEN","C","S",1,"CS1_8",37,17,40,35,"C_S_1","N","A"
"439","ACESAC11 HF DB_CS1_7","ACESAC11 HF DB","ACE.SAC","C","S",1,"CS1_7",NA,86,97,91,"C_S_1","N","A"
"440","BETALL26 HF DB_CS1_7","BETALL26 HF DB","BET.ALL","C","S",1,"CS1_7",NA,30,65,56,"C_S_1","N","A"
"441","PRUPEN 21 HF DB_CS1_7","PRUPEN 21 HF DB","BET.SPP","C","S",1,"CS1_7",NA,33,45,35,NA,NA,NA
"442","ACEPEN18 HF DB_CS1_6","ACEPEN18 HF DB","ACE.PEN","C","S",1,"CS1_6",51,35,51,45,"C_S_1","Y","A"
"443","BETALL32 HF DB_CS1_6","BETALL32 HF DB","BET.ALL","C","S",1,"CS1_6",NA,48,59,54,"C_S_1","N","A"
"444","VACCOR 6 HF DB_CS1_6","VACCOR 6 HF DB","VAC.COR","C","S",1,"CS1_6",NA,37,45,42,"C_S_1","N","A"
"445","ACERUB28 HF DB_CS1_5","ACERUB28 HF DB","ACE.RUB","C","S",1,"CS1_5",NA,NA,NA,NA,"C_S_1","?","A"
"446","PRUVIR 7 HF DB_CS1_5","PRUVIR 7 HF DB","AME.SPP","C","S",1,"CS1_5",NA,NA,NA,NA,NA,NA,NA
"447","VACCOR 9 HF DB_CS1_5","VACCOR 9 HF DB","VAC.COR","C","S",1,"CS1_5",NA,17,30,26,"C_S_1","N","A"
"448","COMPER 8 HF DB_CS1_4","COMPER 8 HF DB","COM.PER","C","S",1,"CS1_4",28,33,68,37,"C_S_1","Y","A"
"449","VACCOR 9 HF DB_CS1_4","VACCOR 9 HF DB","VAC.COR","C","S",1,"CS1_4",NA,12,30,19,"C_S_1","N","A"
"450","VIBACE10 HF DB_CS1_4","VIBACE10 HF DB","VIB.ACE","C","S",1,"CS1_4",82,45,54,51,"C_S_1","Y","A"
"451","ACESAC11 HF DB_CS1_3","ACESAC11 HF DB","ACE.SAC","C","S",1,"CS1_3",NA,86,97,91,"C_S_1","N","A"
"452","CORCOR14 HF DB_CS1_3","CORCOR14 HF DB","COR.COR","C","S",1,"CS1_3",NA,54,62,NA,"C_S_1","N","A"
"453","ILEVER03 HF DB_CS1_3","ILEVER03 HF DB","ILE.VER","C","S",1,"CS1_3",107,28,35,33,"C_S_1","Y","A"
"454","ACERUB23 HF DB_CS1_24","ACERUB23 HF DB","ACE.RUB","C","S",1,"CS1_24",NA,NA,NA,NA,"C_S_1","?","A"
"455","VACCOR 3 HF DB_CS1_24","VACCOR 3 HF DB","VAC.COR","C","S",1,"CS1_24",37,17,33,26,"C_S_1","Y","A"
"456","VIBACE02 HF DB_CS1_24","VIBACE02 HF DB","VIB.ACE","C","S",1,"CS1_24",97,48,62,54,"C_S_1","Y","A"
"457","CORCOR 15 HF DB_CS1_23","CORCOR 15 HF DB","COR.COR","C","S",1,"CS1_23",40,68,82,79,"C_S_1","Y","A"
"458","ILEMUC 12 HF DB_CS1_23","ILEMUC 12 HF DB","ILE.MUC","C","S",1,"CS1_23",NA,NA,NA,NA,"C_S_1","?","A"
"459","VACCOR 3 HF DB_CS1_23","VACCOR 3 HF DB","VAC.COR","C","S",1,"CS1_23",NA,22,35,33,"C_S_1","N","A"
"460","ACERUB28 HF DB_CS1_22","ACERUB28 HF DB","ACE.RUB","C","S",1,"CS1_22",NA,NA,NA,NA,"C_S_1","N","A"
"461","COMPER 6 HF DB_CS1_22","COMPER 6 HF DB","COM.PER","C","S",1,"CS1_22",28,37,91,65,"C_S_1","Y","A"
"462","CORCOR 15 HF DB_CS1_22","CORCOR 15 HF DB","COR.COR","C","S",1,"CS1_22",37,62,73,68,"C_S_1","Y","A"
"463","BETALL26 HF DB_CS1_21","BETALL26 HF DB","BET.ALL","C","S",1,"CS1_21",NA,51,65,54,"C_S_1","N","A"
"464","ILEVER01 HF DB_CS1_21","ILEVER01 HF DB","ILE.VER","C","S",1,"CS1_21",NA,28,37,35,"C_S_1","N","A"
"465","VIBACE07 HF DB_CS1_21","VIBACE07 HF DB","VIB.ACE","C","S",1,"CS1_21",NA,42,51,45,"C_S_1","N","A"
"466","ACERUB27 HF DB_CS1_20","ACERUB27 HF DB","ACE.RUB","C","S",1,"CS1_20",NA,NA,NA,NA,"C_S_1","?","A"
"467","ILEMUC 13 HF DB_CS1_20","ILEMUC 13 HF DB","ILE.MUC","C","S",1,"CS1_20",NA,NA,NA,NA,"C_S_1","?","A"
"468","PRUPEN16 HF DB_CS1_20","PRUPEN16 HF DB","PRU.PEN","C","S",1,"CS1_20",NA,12,37,26,"C_S_1","N","A"
"469","ILEMUC 14 HF DB_CS1_2","ILEMUC 14 HF DB","ILE.MUC","C","S",1,"CS1_2",NA,NA,NA,NA,"C_S_1","?","?"
"470","PRUPEN 21 HF DB_CS1_2","PRUPEN 21 HF DB","BET.SPP","C","S",1,"CS1_2",NA,33,48,37,NA,NA,NA
"471","VIBACE4 HF DB_CS1_2","VIBACE4 HF DB","VIB.ACE","C","S",1,"CS1_2",NA,56,68,56,"C_S_1","N","Y"
"472","ACEPEN18 HF DB_CS1_19","ACEPEN18 HF DB","ACE.PEN","C","S",1,"CS1_19",54,40,54,51,"C_S_1","Y","A"
"473","ILEMUC 11 HF DB_CS1_19","ILEMUC 11 HF DB","ILE.MUC","C","S",1,"CS1_19",NA,NA,NA,NA,"C_S_1","N","D"
"474","PRUVIR 4 HF DB_CS1_19","PRUVIR 4 HF DB","PRU.VIR","C","S",1,"CS1_19",NA,NA,NA,NA,"C_S_1","?","A"
"475","ACEPEN19 HF DB_CS1_18","ACEPEN19 HF DB","ACE.PEN","C","S",1,"CS1_18",54,40,54,48,"C_S_1","Y","A"
"476","PRUVIR 4 HF DB_CS1_18","PRUVIR 4 HF DB","PRU.VIR","C","S",1,"CS1_18",NA,NA,NA,NA,"C_S_1","?","A"
"477","VIBACE01 HF DB_CS1_18","VIBACE01 HF DB","VIB.ACE","C","S",1,"CS1_18",NA,62,73,65,"C_S_1","N","A"
"478","ACERUB25 HF DB_CS1_17","ACERUB25 HF DB","ACE.RUB","C","S",1,"CS1_17",NA,79,89,86,"C_S_1","N","A"
"479","ACESAC12 HF DB_CS1_17","ACESAC12 HF DB","ACE.SAC","C","S",1,"CS1_17",NA,89,97,94,"C_S_1","N","A"
"480","BETALL25 HF DB_CS1_17","BETALL25 HF DB","BET.ALL","C","S",1,"CS1_17",NA,45,51,48,"C_S_1","N","A"
"481","ACEPEN20 HF DB_CS1_16","ACEPEN20 HF DB","ACE.PEN","C","S",1,"CS1_16",NA,40,56,48,"C_S_1","N","A"
"482","ACESAC19 HF DB_CS1_16","ACESAC19 HF DB","ACE.SAC","C","S",1,"CS1_16",NA,NA,NA,NA,"C_S_1","N","A"
"483","ILEMUC 10 HF DB_CS1_16","ILEMUC 10 HF DB","ILE.MUC","C","S",1,"CS1_16",NA,NA,NA,NA,"C_S_1","?","A"
"484","COMPER 1 HF DB_CS1_15","COMPER 1 HF DB","COM.PER","C","S",1,"CS1_15",30,33,48,40,"C_S_1","Y","A"
"485","CORCOR09_HF_CS1_15","CORCOR09_HF","COR.COR","C","S",1,"CS1_15",40,56,65,62,"C_S_1","Y","A"
"486","ILEVER01 HF DB_CS1_15","ILEVER01 HF DB","ILE.VER","C","S",1,"CS1_15",NA,19,28,24,"C_S_1","N","A"
"487","ILEMUC 11 HF DB_CS1_14","ILEMUC 11 HF DB","ILE.MUC","C","S",1,"CS1_14",NA,NA,NA,NA,"C_S_1","N","D"
"488","ILEVER05 HF DB_CS1_14","ILEVER05 HF DB","ILE.VER","C","S",1,"CS1_14",NA,22,30,28,"C_S_1","Y","A"
"489","PRUVIR 5 HF DB_CS1_14","PRUVIR 5 HF DB","PRU.VIR","C","S",1,"CS1_14",NA,NA,NA,NA,"C_S_1","?","?"
"490","ILEVER6 HF DB_CS1_13","ILEVER6 HF DB","ILE.VER","C","S",1,"CS1_13",104,33,42,40,"C_S_1","Y","A"
"491","PRUPEN16 HF DB_CS1_13","PRUPEN16 HF DB","PRU.PEN","C","S",1,"CS1_13",45,12,37,28,"C_S_1","Y","A"
"492","PRUVIR 5 HF DB_CS1_13","PRUVIR 5 HF DB","PRU.VIR","C","S",1,"CS1_13",NA,NA,NA,NA,"C_S_1","?","A"
"493","ACEPEN14 HF DB_CS1_12","ACEPEN14 HF DB","ACE.PEN","C","S",1,"CS1_12",NA,NA,NA,NA,"C_S_1","N","D"
"494","COMPER 6 HF DB_CS1_12","COMPER 6 HF DB","COM.PER","C","S",1,"CS1_12",NA,33,48,40,"C_S_1","N","A"
"495","ILEVER05 HF DB_CS1_12","ILEVER05 HF DB","ILE.VER","C","S",1,"CS1_12",NA,33,40,35,"C_S_1","N","D"
"496","ACERUB22 HF DB_CS1_11","ACERUB22 HF DB","ACE.RUB","C","S",1,"CS1_11",NA,NA,NA,112,"C_S_1","N","A"
"497","PRUVIR 7 HF DB_CS1_11","PRUVIR 7 HF DB","AME.SPP","C","S",1,"CS1_11",NA,99,104,101,NA,NA,NA
"498","VACCOR 10 HF DB_CS1_11","VACCOR 10 HF DB","VAC.COR","C","S",1,"CS1_11",33,17,37,26,"C_S_1","Y","A"
"499","ACESAC12 HF DB_CS1_10","ACESAC12 HF DB","ACE.SAC","C","S",1,"CS1_10",NA,76,82,79,"C_S_1","N","A"
"500","BETALL26 HF DB_CS1_10","BETALL26 HF DB","BET.ALL","C","S",1,"CS1_10",NA,59,51,48,"C_S_1","N","A"
"501","VIBACE? HF DB_CS1_10","VIBACE? HF DB","VIB.ACE","C","S",1,"CS1_10",NA,91,NA,NA,"C_S_1","N","D"
"502","ACESAC17 HF DB_CS1_1","ACESAC17 HF DB","ACE.SAC","C","S",1,"CS1_1",NA,101,110,NA,"C_S_1","N","A"
"503","BETALL34 HF DB_CS1_1","BETALL34 HF DB","BET.ALL","C","S",1,"CS1_1",NA,56,70,65,"C_S_1","N","A"
"504","CORCOR06 HF_CS1_1","CORCOR06 HF","COR.COR","C","S",1,"CS1_1",NA,37,48,42,"C_S_1","N","A"
"505","ACEPEN16 HF DB_CL1_9","ACEPEN16 HF DB","ACE.PEN","C","L",1,"CL1_9",56,33,48,42,"C_L_1","Y","A"
"506","ILEVER01 HF DB_CL1_9","ILEVER01 HF DB","ILE.VER","C","L",1,"CL1_9",NA,26,33,30,"C_L_1","N","A"
"507","VIBACE5 HF DB_CL1_9","VIBACE5 HF DB","VIB.ACE","C","L",1,"CL1_9",NA,35,45,40,"C_L_1","N","A"
"508","COMPER 3 HF DB_CL1_8","COMPER 3 HF DB","COM.PER","C","L",1,"CL1_8",35,40,56,48,"C_L_1","Y","A"
"509","ILEVER06 HF DB_CL1_8","ILEVER06 HF DB","ILE.VER","C","L",1,"CL1_8",NA,24,30,26,"C_L_1","N","A"
"510","PRUPEN 21 HF DB_CL1_8","PRUPEN 21 HF DB","BET.SPP","C","L",1,"CL1_8",NA,30,40,35,NA,NA,NA
"511","ACEPEN16 HF DB_CL1_7","ACEPEN16 HF DB","ACE.PEN","C","L",1,"CL1_7",45,33,51,42,"C_L_1","Y","A"
"512","BETALL32 HF DB_CL1_7","BETALL32 HF DB","BET.ALL","C","L",1,"CL1_7",NA,54,65,56,"C_L_1","N","A"
"513","ILEMUC 12 HF DB_CL1_7","ILEMUC 12 HF DB","ILE.MUC","C","L",1,"CL1_7",54,45,51,48,"C_L_1","Y","A"
"514","ILEMUC 11 HF DB_CL1_6","ILEMUC 11 HF DB","ILE.MUC","C","L",1,"CL1_6",54,37,45,42,"C_L_1","Y","A"
"515","ILEVER09 HF DB_CL1_6","ILEVER09 HF DB","ILE.VER","C","L",1,"CL1_6",NA,NA,28,NA,"C_L_1","N","A"
"516","VIBACE07 HF DB_CL1_6","VIBACE07 HF DB","VIB.ACE","C","L",1,"CL1_6",NA,35,51,42,"C_L_1","N","A"
"517","ACESAC18 HF DB_CL1_5","ACESAC18 HF DB","ACE.SAC","C","L",1,"CL1_5",NA,99,NA,NA,"C_L_1","N","A"
"518","COMPER 2 HF DB_CL1_5","COMPER 2 HF DB","COM.PER","C","L",1,"CL1_5",35,48,62,56,"C_L_1","Y","A"
"519","PRUVIR 2 HF DB_CL1_5","PRUVIR 2 HF DB","PRU.VIR","C","L",1,"CL1_5",NA,NA,NA,NA,"C_L_1","?","?"
"520","ACEPEN20 HF DB_CL1_4","ACEPEN20 HF DB","ACE.PEN","C","L",1,"CL1_4",NA,28,51,40,"C_L_1","N","A"
"521","ACERUB23 HF DB_CL1_4","ACERUB23 HF DB","ACE.RUB","C","L",1,"CL1_4",NA,110,NA,NA,"C_L_1","N","A"
"522","BETALL25 HF DB_CL1_4","BETALL25 HF DB","BET.ALL","C","L",1,"CL1_4",NA,35,51,40,"C_L_1","N","A"
"523","COMPER 1 HF DB_CL1_3","COMPER 1 HF DB","COM.PER","C","L",1,"CL1_3",30,33,54,37,"C_L_1","Y","A"
"524","CORCOR07_HF_CL1_3","CORCOR07_HF","COR.COR","C","L",1,"CL1_3",62,54,65,59,"C_L_1","Y","A"
"525","ILEMUC 9 HF DB_CL1_3","ILEMUC 9 HF DB","ILE.MUC","C","L",1,"CL1_3",42,33,45,42,"C_L_1","Y","A"
"526","ACEPEN17 HF DB_CL1_24","ACEPEN17 HF DB","ACE.PEN","C","L",1,"CL1_24",54,37,51,48,"C_L_1","Y","A"
"527","COMPER 1 HF DB_CL1_24","COMPER 1 HF DB","COM.PER","C","L",1,"CL1_24",19,35,48,37,"C_L_1","Y","A"
"528","ILEMUC 14 HF DB_CL1_24","ILEMUC 14 HF DB","ILE.MUC","C","L",1,"CL1_24",NA,33,42,37,"C_L_1","N","A"
"529","CORCOR 17 HF DB_CL1_23","CORCOR 17 HF DB","COR.COR","C","L",1,"CL1_23",45,48,56,51,"C_L_1","Y","A"
"530","ILEVER03 HF DB_CL1_23","ILEVER03 HF DB","ILE.VER","C","L",1,"CL1_23",NA,22,NA,28,"C_L_1","N","A"
"531","PRUPEN 22 HF DB_CL1_23","PRUPEN 22 HF DB","PRU.PEN","C","L",1,"CL1_23",35,12,22,17,"C_L_1","Y","A"
"532","CORCOR 15 HF DB_CL1_22","CORCOR 15 HF DB","COR.COR","C","L",1,"CL1_22",33,62,68,65,"C_L_1","Y","A"
"533","PRUPEN 22 HF DB_CL1_22","PRUPEN 22 HF DB","PRU.PEN","C","L",1,"CL1_22",NA,28,42,33,"C_L_1","N","A"
"534","VIBACE07 HF DB_CL1_22","VIBACE07 HF DB","VIB.ACE","C","L",1,"CL1_22",73,33,40,35,"C_L_1","Y","A"
"535","BETALL26 HF DB_CL1_21","BETALL26 HF DB","BET.ALL","C","L",1,"CL1_21",NA,48,62,51,"C_L_1","N","A"
"536","CORCOR 15 HF DB_CL1_21","CORCOR 15 HF DB","COR.COR","C","L",1,"CL1_21",33,54,65,62,"C_L_1","Y","A"
"537","VACCOR 6 HF DB_CL1_21","VACCOR 6 HF DB","VAC.COR","C","L",1,"CL1_21",33,24,37,30,"C_L_1","Y","A"
"538","ACESAC17 HF DB_CL1_20","ACESAC17 HF DB","ACE.SAC","C","L",1,"CL1_20",NA,79,89,82,"C_L_1","N","A"
"539","COMPER 1 HF DB_CL1_20","COMPER 1 HF DB","COM.PER","C","L",1,"CL1_20",37,35,51,42,"C_L_1","Y","A"
"540","VACCOR 8 HF DB_CL1_20","VACCOR 8 HF DB","VAC.COR","C","L",1,"CL1_20",26,12,26,19,"C_L_1","Y","A"
"541","ACESAC17 HF DB_CL1_2","ACESAC17 HF DB","ACE.SAC","C","L",1,"CL1_2",NA,82,86,84,"C_L_1","N","A"
"542","BETALL33 HF DB_CL1_2","BETALL33 HF DB","BET.ALL","C","L",1,"CL1_2",NA,65,76,68,"C_L_1","N","A"
"543","ILEVER07 HF DB_CL1_2","ILEVER07 HF DB","ILE.VER","C","L",1,"CL1_2",NA,22,28,26,"C_L_1","N","A"
"544","ACESAC13 HF DB_CL1_19","ACESAC13 HF DB","ACE.SAC","C","L",1,"CL1_19",NA,82,84,NA,"C_L_1","N","A"
"545","PRUVIR 5 HF DB_CL1_19","PRUVIR 5 HF DB","PRU.VIR","C","L",1,"CL1_19",NA,59,NA,NA,"C_L_1","?","A"
"546","VIBACE02 HF DB_CL1_19","VIBACE02 HF DB","VIB.ACE","C","L",1,"CL1_19",NA,42,51,45,"C_L_1","N","A"
"547","ACERUB22 HF DB_CL1_18","ACERUB22 HF DB","ACE.RUB","C","L",1,"CL1_18",NA,NA,99,94,"C_L_1","N","A"
"548","PRUVIR 4 HF DB_CL1_18","PRUVIR 4 HF DB","PRU.VIR","C","L",1,"CL1_18",79,NA,65,62,"C_L_1","Y","A"
"549","VIBACE5 HF DB_CL1_18","VIBACE5 HF DB","VIB.ACE","C","L",1,"CL1_18",76,33,40,35,"C_L_1","Y","A"
"550","ILEMUC 12 HF DB_CL1_17","ILEMUC 12 HF DB","ILE.MUC","C","L",1,"CL1_17",45,35,42,40,"C_L_1","Y","A"
"551","PRUVIR 6 HF DB_CL1_17","PRUVIR 6 HF DB","PRU.VIR","C","L",1,"CL1_17",NA,99,NA,107,"C_L_1","?","A"
"552","VACCOR 2 HF DB_CL1_17","VACCOR 2 HF DB","VAC.COR","C","L",1,"CL1_17",35,22,33,26,"C_L_1","Y","A"
"553","ACEPEN20 HF DB_CL1_16","ACEPEN20 HF DB","ACE.PEN","C","L",1,"CL1_16",NA,40,59,51,"C_L_1","N","A"
"554","ACESAC18 HF DB_CL1_16","ACESAC18 HF DB","ACE.SAC","C","L",1,"CL1_16",NA,NA,NA,NA,"C_L_1","N","D"
"555","COMPER 1 HF DB_CL1_16","COMPER 1 HF DB","COM.PER","C","L",1,"CL1_16",28,33,54,37,"C_L_1","Y","A"
"556","ACESAC19 HF DB_CL1_15","ACESAC19 HF DB","ACE.SAC","C","L",1,"CL1_15",NA,89,91,NA,"C_L_1","N","A"
"557","ILEVER09 HF DB1_CL1_15","ILEVER09 HF DB1","ILE.VER","C","L",1,"CL1_15",NA,22,28,24,"C_L_1","Y","A"
"558","PRUPEN 21 HF DB_CL1_15","PRUPEN 21 HF DB","BET.SPP","C","L",1,"CL1_15",NA,NA,42,33,NA,NA,NA
"559","ACERUB27 HF DB_CL1_14","ACERUB27 HF DB","ACE.RUB","C","L",1,"CL1_14",NA,NA,NA,NA,"C_L_1","N","D"
"560","CORCOR09_HF_CL1_14","CORCOR09_HF","COR.COR","C","L",1,"CL1_14",NA,48,62,54,"C_L_1","N","A"
"561","VACCOR 2 HF DB_CL1_14","VACCOR 2 HF DB","VAC.COR","C","L",1,"CL1_14",30,17,45,26,"C_L_1","Y","A"
"562","ACERUB26 HF DB_CL1_13","ACERUB26 HF DB","ACE.RUB","C","L",1,"CL1_13",NA,84,91,89,"C_L_1","N","A"
"563","ILEMUC 11 HF DB_CL1_13","ILEMUC 11 HF DB","ILE.MUC","C","L",1,"CL1_13",NA,22,35,26,"C_L_1","N","A"
"564","PRUVIR 6 HF DB_CL1_13","PRUVIR 6 HF DB","PRU.VIR","C","L",1,"CL1_13",76,33,54,48,"C_L_1","Y","A"
"565","ACERUB22 HF DB_CL1_12","ACERUB22 HF DB","ACE.RUB","C","L",1,"CL1_12",NA,91,99,94,"C_L_1","Y","A"
"566","PRUVIR 7 HF DB_CL1_12","PRUVIR 7 HF DB","AME.SPP","C","L",1,"CL1_12",NA,NA,NA,NA,NA,NA,NA
"567","VIBACE10 HF DB_CL1_12","VIBACE10 HF DB","VIB.ACE","C","L",1,"CL1_12",82,37,51,42,"C_L_1","Y","A"
"568","ACEPEN15 HF DB_CL1_11","ACEPEN15 HF DB","ACE.PEN","C","L",1,"CL1_11",59,40,62,51,"C_L_1","Y","A"
"569","ACERUB22 HF DB_CL1_11","ACERUB22 HF DB","ACE.RUB","C","L",1,"CL1_11",NA,89,97,94,"C_L_1","N","A"
"570","PRUPEN 26 HF DB_CL1_11","PRUPEN 26 HF DB","PRU.PEN","C","L",1,"CL1_11",33,12,35,22,"C_L_1","Y","A"
"571","BETALL31 HF DB_CL1_10","BETALL31 HF DB","BET.ALL","C","L",1,"CL1_10",NA,42,56,51,"C_L_1","N","A"
"572","PRUPEN 24 HF DB_CL1_10","PRUPEN 24 HF DB","PRU.PEN","C","L",1,"CL1_10",NA,30,45,35,"C_L_1","N","A"
"573","VACCOR 6 HF DB_CL1_10","VACCOR 6 HF DB","VAC.COR","C","L",1,"CL1_10",NA,26,35,33,"C_L_1","N","A"
"574","BETALL26 HF DB_CL1_1","BETALL26 HF DB","BET.ALL","C","L",1,"CL1_1",NA,42,56,51,"C_L_1","N","A"
"575","CORCOR07_HF_CL1_1","CORCOR07_HF","COR.COR","C","L",1,"CL1_1",NA,45,54,48,"C_L_1","N","A"
"576","VACCOR 1 HF DB_CL1_1","VACCOR 1 HF DB","VAC.COR","C","L",1,"CL1_1",33,12,28,24,"C_L_1","Y","A"
