"id","name","GEN.SPA","Force","Light","Chill","good_flaskid","LBB","L11","L15","F60"
"BETALL25 HF DB_WS0_9","BETALL25 HF DB","BET.ALL","W","L",0,"WS0_9",37,40,50,NA
"COMPER 3 HF DB_WS0_9","COMPER 3 HF DB","COM.PER","W","L",0,"WS0_9",28,NA,NA,NA
"VIBACE 7 HF DB_WS0_9","VIBACE 7 HF DB","VIB.ACE","W","L",0,"WS0_9",35,37,50,NA
"ACESAC12 HF DB_WS0_8","ACESAC12 HF DB","ACE.SAC","W","L",0,"WS0_8",NA,NA,NA,NA
"ILEVER01 HF DB_WS0_8","ILEVER01 HF DB","ILE.VER","W","L",0,"WS0_8",23,26,28,NA
"VACCOR 5 HF DB_WS0_8","VACCOR 5 HF DB","VAC.COR","W","L",0,"WS0_8",28,35,37,NA
"ACEPEN24 HF DB_WS0_7","ACEPEN24 HF DB","ACE.PEN","W","L",0,"WS0_7",87,NA,90,NA
"ACESAC18 HF DB_WS0_7","ACESAC18 HF DB","ACE.SAC","W","L",0,"WS0_7",NA,NA,NA,NA
"PRUVIR 5 HF DB_WS0_7","PRUVIR 5 HF DB","PRU.VIR","W","L",0,"WS0_7",35,42,56,NA
"CORCOR 17 HF DB_WS0_6","CORCOR 17 HF DB","COR.COR","W","L",0,"WS0_6",82,58,93,63
"ILEVER05 HF DB_WS0_6","ILEVER05 HF DB","ILE.VER","W","L",0,"WS0_6",NA,NA,NA,NA
"PRUPEN 24 HF DB_WS0_6","PRUPEN 24 HF DB","PRU.PEN","W","L",0,"WS0_6",16,19,23,30
"BETALL25 HF DB_WS0_5","BETALL25 HF DB","BET.ALL","W","L",0,"WS0_5",63,65,76,NA
"ILEMUC 9 HF DB_WS0_5","ILEMUC 9 HF DB","ILE.MUC","W","L",0,"WS0_5",35,42,50,NA
"VIBACE09 HF DB_WS0_5","VIBACE09 HF DB","VIB.ACE","W","L",0,"WS0_5",33,45,54,NA
"BETALL25 HF DB_WS0_4","BETALL25 HF DB","BET.ALL","W","L",0,"WS0_4",NA,58,61,NA
"CORCOR 16 HF DB_WS0_4","CORCOR 16 HF DB","COR.COR","W","L",0,"WS0_4",47,52,61,NA
"ILEVER07 HF DB_WS0_4","ILEVER07 HF DB","ILE.VER","W","L",0,"WS0_4",28,33,35,NA
"ACEPEN15 HF DB_WS0_3","ACEPEN15 HF DB","ACE.PEN","W","L",0,"WS0_3",42,68,70,NA
"ACERUB26 HF DB_WS0_3","ACERUB26 HF DB","ACE.RUB","W","L",0,"WS0_3",NA,NA,NA,NA
"ILEMUC 13 HF DB_WS0_3","ILEMUC 13 HF DB","ILE.MUC","W","L",0,"WS0_3",NA,NA,NA,NA
"BETALL33 HF DB_WS0_24","BETALL33 HF DB","BET.ALL","W","L",0,"WS0_24",NA,76,79,NA
"ILEVER03 HF DB_WS0_24","ILEVER03 HF DB","ILE.VER","W","L",0,"WS0_24",23,33,42,NA
"VACCOR 89 HF DB_WS0_24","VACCOR 89 HF DB","VAC.COR","W","L",0,"WS0_24",16,50,54,23
"ACERUB23 HF DB_WS0_23","ACERUB23 HF DB","ACE.RUB","W","L",0,"WS0_23",NA,NA,NA,NA
"ILEVER ? HF DB_WS0_23","ILEVER ? HF DB","ILE.VER","W","L",0,"WS0_23",19,23,26,NA
"VACCOR 3 HF DB_WS0_23","VACCOR 3 HF DB","VAC.COR","W","L",0,"WS0_23",NA,NA,NA,NA
"ACEPEN15 HF DB_WS0_22","ACEPEN15 HF DB","ACE.PEN","W","L",0,"WS0_22",52,63,65,NA
"ILEVER03 HF DB_WS0_22","ILEVER03 HF DB","ILE.VER","W","L",0,"WS0_22",16,30,NA,NA
"PRUPEN 22 HF DB_WS0_22","PRUPEN 22 HF DB","PRU.PEN","W","L",0,"WS0_22",19,21,26,33
"ACESAC13 HF DB_WS0_21","ACESAC13 HF DB","ACE.SAC","W","L",0,"WS0_21",63,68,70,NA
"COMPER 6 HF DB_WS0_21","COMPER 6 HF DB","COM.PER","W","L",0,"WS0_21",23,40,47,21
"PRUVIR 4 HF DB_WS0_21","PRUVIR 4 HF DB","PRU.VIR","W","L",0,"WS0_21",NA,NA,NA,NA
"ILEMUC 9 HF DB_WS0_20","ILEMUC 9 HF DB","ILE.MUC","W","L",0,"WS0_20",37,42,45,NA
"PRUPEN 22 HF DB_WS0_20","PRUPEN 22 HF DB","PRU.PEN","W","L",0,"WS0_20",14,19,33,26
"VIBACE10 HF DB_WS0_20","VIBACE10 HF DB","VIB.ACE","W","L",0,"WS0_20",42,93,NA,NA
"ACEPEN15 HF DB_WS0_2","ACEPEN15 HF DB","ACE.PEN","W","L",0,"WS0_2",42,52,54,NA
"COMPER 8 HF DB_WS0_2","COMPER 8 HF DB","COM.PER","W","L",0,"WS0_2",NA,NA,NA,NA
"PRUVIR 6 HF DB_WS0_2","PRUVIR 6 HF DB","PRU.VIR","W","L",0,"WS0_2",23,40,45,50
"CORCOR16 HF_WS0_19","CORCOR16 HF","COR.COR","W","L",0,"WS0_19",104,107,NA,73
"PRUPEN 23 HF DB_WS0_19","PRUPEN 23 HF DB","PRU.PEN","W","L",0,"WS0_19",NA,NA,NA,NA
"PRUVIR 6 HF DB_WS0_19","PRUVIR 6 HF DB","PRU.VIR","W","L",0,"WS0_19",93,107,NA,NA
"ACESAC18 HF DB_WS0_18","ACESAC18 HF DB","ACE.SAC","W","L",0,"WS0_18",NA,NA,NA,NA
"ILEMUC 10 HF DB_WS0_18","ILEMUC 10 HF DB","ILE.MUC","W","L",0,"WS0_18",23,30,33,33
"VIBACE02 HF DB_WS0_18","VIBACE02 HF DB","VIB.ACE","W","L",0,"WS0_18",26,110,NA,NA
"ACEPEN19 HF DB_WS0_17","ACEPEN19 HF DB","ACE.PEN","W","L",0,"WS0_17",54,63,65,NA
"ACERUB25 HF DB_WS0_17","ACERUB25 HF DB","ACE.RUB","W","L",0,"WS0_17",NA,NA,NA,NA
"PRUPEN 24 HF DB_WS0_17","PRUPEN 24 HF DB","PRU.PEN","W","L",0,"WS0_17",16,19,21,NA
"COMPER 3 HF DB_WS0_16","COMPER 3 HF DB","COM.PER","W","L",0,"WS0_16",NA,NA,NA,NA
"VACCOR 2 HF DB_WS0_16","VACCOR 2 HF DB","VAC.COR","W","L",0,"WS0_16",19,21,28,NA
"VIBACE02 HF DB_WS0_16","VIBACE02 HF DB","VIB.ACE","W","L",0,"WS0_16",NA,NA,NA,NA
"ACERUB26 HF DB_WS0_15","ACERUB26 HF DB","ACE.RUB","W","L",0,"WS0_15",NA,NA,NA,NA
"COMPER 8 HF DB_WS0_15","COMPER 8 HF DB","COM.PER","W","L",0,"WS0_15",NA,NA,NA,NA
"PRUVIR 6 HF DB_WS0_15","PRUVIR 6 HF DB","PRU.VIR","W","L",0,"WS0_15",NA,79,82,96
"ACESAC13 HF DB_WS0_14","ACESAC13 HF DB","ACE.SAC","W","L",0,"WS0_14",NA,NA,NA,NA
"PRUVIR 4 HF DB_WS0_14","PRUVIR 4 HF DB","PRU.VIR","W","L",0,"WS0_14",NA,45,56,NA
"VACCOR 1 HF DB_WS0_14","VACCOR 1 HF DB","VAC.COR","W","L",0,"WS0_14",10,35,37,26
"ACESAC18 HF DB_WS0_13","ACESAC18 HF DB","ACE.SAC","W","L",0,"WS0_13",NA,NA,NA,NA
"BETALL25 HF DB_WS0_13","BETALL25 HF DB","BET.ALL","W","L",0,"WS0_13",35,37,63,NA
"CORCOR07_HF_WS0_13","CORCOR07_HF","COR.COR","W","L",0,"WS0_13",90,NA,NA,NA
"ACERUB23 HF DB_WS0_12","ACERUB23 HF DB","ACE.RUB","W","L",0,"WS0_12",NA,NA,NA,NA
"BETALL33 HF DB_WS0_12","BETALL33 HF DB","BET.ALL","W","L",0,"WS0_12",76,68,79,NA
"PRUPEN 24 HF DB_WS0_12","PRUPEN 24 HF DB","PRU.PEN","W","L",0,"WS0_12",16,19,21,28
"COMPER 6 HF DB_WS0_11","COMPER 6 HF DB","COM.PER","W","L",0,"WS0_11",NA,NA,NA,NA
"CORCOR14 HF DB_WS0_11","CORCOR14 HF DB","COR.COR","W","L",0,"WS0_11",63,68,76,NA
"ILEMUC 10 HF DB_WS0_11","ILEMUC 10 HF DB","ILE.MUC","W","L",0,"WS0_11",NA,NA,33,33
"ACEPEN14 HF DB_WS0_10","ACEPEN14 HF DB","ACE.PEN","W","L",0,"WS0_10",65,73,76,NA
"ILEMUC 12 HF DB_WS0_10","ILEMUC 12 HF DB","ILE.MUC","W","L",0,"WS0_10",50,82,63,63
"VIBACE07 HF DB_WS0_10","VIBACE07 HF DB","VIB.ACE","W","L",0,"WS0_10",NA,NA,NA,NA
"ACERUB29 HF DB_WS0_1","ACERUB29 HF DB","ACE.RUB","W","L",0,"WS0_1",NA,NA,NA,NA
"CORCOR08_HF_WS0_1","CORCOR08_HF","COR.COR","W","L",0,"WS0_1",73,79,NA,NA
"VACCOR 11 HF DB_WS0_1","VACCOR 11 HF DB","VAC.COR","W","L",0,"WS0_1",16,19,26,21
"ACERUB22 HF DB_WL0_9","ACERUB22 HF DB","ACE.RUB","W","S",0,"WL0_9",NA,NA,NA,NA
"BETALL25 HF DB_WL0_9","BETALL25 HF DB","BET.ALL","W","S",0,"WL0_9",NA,52,61,NA
"ILEMUC 13 HF DB_WL0_9","ILEMUC 13 HF DB","ILE.MUC","W","S",0,"WL0_9",NA,NA,NA,NA
"ACERUB25 HF DB_WL0_8","ACERUB25 HF DB","ACE.RUB","W","S",0,"WL0_8",NA,NA,NA,NA
"CORCOR06 HF_WL0_8","CORCOR06 HF","COR.COR","W","S",0,"WL0_8",NA,NA,NA,NA
"ILEMUC 9 HF DB_WL0_8","ILEMUC 9 HF DB","ILE.MUC","W","S",0,"WL0_8",90,NA,NA,NA
"PRUPEN 23 HF DB_WL0_7","PRUPEN 23 HF DB","PRU.PEN","W","S",0,"WL0_7",33,45,54,NA
"PRUVIR 5 HF DB_WL0_7","PRUVIR 5 HF DB","PRU.VIR","W","S",0,"WL0_7",16,19,21,NA
"VIBACE04 HF DB_WL0_7","VIBACE04 HF DB","VIB.ACE","W","S",0,"WL0_7",42,NA,NA,NA
"PRUVIR 7 HF DB_WL0_6","PRUVIR 7 HF DB","AME.SPP","W","S",0,"WL0_6",NA,NA,NA,NA
"VACCOR 1 HF DB_WL0_6","VACCOR 1 HF DB","VAC.COR","W","S",0,"WL0_6",16,47,54,26
"VIBACE02 HF DB_WL0_6","VIBACE02 HF DB","VIB.ACE","W","S",0,"WL0_6",NA,NA,NA,NA
"ACESAC12 HF DB_WL0_5","ACESAC12 HF DB","ACE.SAC","W","S",0,"WL0_5",NA,NA,NA,NA
"BETALL26 HF DB_WL0_5","BETALL26 HF DB","BET.ALL","W","S",0,"WL0_5",47,58,63,NA
"ILEMUC 13 HF DB_WL0_5","ILEMUC 13 HF DB","ILE.MUC","W","S",0,"WL0_5",NA,NA,NA,NA
"CORCOR 16 HF DB_WL0_4","CORCOR 16 HF DB","COR.COR","W","S",0,"WL0_4",NA,NA,NA,NA
"ILEVER01 HF DB_WL0_4","ILEVER01 HF DB","ILE.VER","W","S",0,"WL0_4",26,30,37,NA
"VIBACE HF9 DB_WL0_4","VIBACE HF9 DB","VIB.ACE","W","S",0,"WL0_4",NA,NA,NA,NA
"COMPER 8 HF DB_WL0_3","COMPER 8 HF DB","COM.PER","W","S",0,"WL0_3",16,21,40,NA
"ILEVER08 HF DB_WL0_3","ILEVER08 HF DB","ILE.VER","W","S",0,"WL0_3",37,42,45,NA
"VIBACE08 HF DB_WL0_3","VIBACE08 HF DB","VIB.ACE","W","S",0,"WL0_3",NA,NA,NA,NA
"CORCOR 16 HF DB_WL0_24","CORCOR 16 HF DB","COR.COR","W","S",0,"WL0_24",NA,NA,NA,NA
"ILEVER01 HF DB_WL0_24","ILEVER01 HF DB","ILE.VER","W","S",0,"WL0_24",23,26,37,NA
"PRUVIR 4 HF DB_WL0_24","PRUVIR 4 HF DB","PRU.VIR","W","S",0,"WL0_24",NA,NA,NA,NA
"CORCOR 16 HF DB_WL0_23","CORCOR 16 HF DB","COR.COR","W","S",0,"WL0_23",NA,NA,NA,NA
"PRUPEN 26 HF DB_WL0_23","PRUPEN 26 HF DB","PRU.PEN","W","S",0,"WL0_23",16,21,42,NA
"VACCOR 6 HF DB_WL0_23","VACCOR 6 HF DB","VAC.COR","W","S",0,"WL0_23",NA,NA,NA,NA
"ACEPEN14 HF DB_WL0_22","ACEPEN14 HF DB","ACE.PEN","W","S",0,"WL0_22",93,NA,NA,NA
"ACESAC13 HF DB_WL0_22","ACESAC13 HF DB","ACE.SAC","W","S",0,"WL0_22",NA,NA,NA,NA
"COMPER ? HF DB_WL0_22","COMPER ? HF DB","COM.PER","W","S",0,"WL0_22",56,NA,NA,NA
"ACEPEN17 HF DB_WL0_21","ACEPEN17 HF DB","ACE.PEN","W","S",0,"WL0_21",NA,NA,98,NA
"ACESAC16 HF DB_WL0_21","ACESAC16 HF DB","ACE.SAC","W","S",0,"WL0_21",NA,NA,NA,NA
"ILEMUC 11 HF DB_WL0_21","ILEMUC 11 HF DB","ILE.MUC","W","S",0,"WL0_21",NA,NA,NA,NA
"ACEPEN15 HF DB_WL0_20","ACEPEN15 HF DB","ACE.PEN","W","S",0,"WL0_20",NA,112,NA,NA
"ACERUB25 HF DB_WL0_20","ACERUB25 HF DB","ACE.RUB","W","S",0,"WL0_20",NA,NA,NA,NA
"PRUPEN 21 HF DB_WL0_20","PRUPEN 21 HF DB","BET.SPP","W","S",0,"WL0_20",33,40,52,NA
"ACEPEN17 HF DB_WL0_2","ACEPEN17 HF DB","ACE.PEN","W","S",0,"WL0_2",NA,NA,NA,NA
"PRUPEN 23 HF DB_WL0_2","PRUPEN 23 HF DB","PRU.PEN","W","S",0,"WL0_2",26,40,NA,NA
"PRUVIR 6 HF DB_WL0_2","PRUVIR 6 HF DB","PRU.VIR","W","S",0,"WL0_2",73,NA,NA,NA
"ACESAC17 HF DB_WL0_19","ACESAC17 HF DB","ACE.SAC","W","S",0,"WL0_19",NA,NA,NA,NA
"ILEMUC 10 HF DB_WL0_19","ILEMUC 10 HF DB","ILE.MUC","W","S",0,"WL0_19",NA,NA,NA,NA
"PRUVIR 3 HF DB_WL0_19","PRUVIR 3 HF DB","PRU.VIR","W","S",0,"WL0_19",NA,NA,NA,NA
"ACERUB25 HF DB_WL0_18","ACERUB25 HF DB","ACE.RUB","W","S",0,"WL0_18",NA,NA,NA,NA
"BETALL32 HF DB_WL0_18","BETALL32 HF DB","BET.ALL","W","S",0,"WL0_18",40,45,54,NA
"VACCOR 7 HF DB_WL0_18","VACCOR 7 HF DB","VAC.COR","W","S",0,"WL0_18",42,50,54,21
"ACERUB22 HF DB_WL0_17","ACERUB22 HF DB","ACE.RUB","W","S",0,"WL0_17",NA,NA,NA,NA
"ILEMUC 10 HF DB_WL0_17","ILEMUC 10 HF DB","ILE.MUC","W","S",0,"WL0_17",NA,NA,NA,NA
"VIBACE5 HF DB_WL0_17","VIBACE5 HF DB","VIB.ACE","W","S",0,"WL0_17",42,NA,NA,NA
"ACESAC17 HF DB_WL0_16","ACESAC17 HF DB","ACE.SAC","W","S",0,"WL0_16",NA,NA,NA,NA
"VACCOR 11 HF DB_WL0_16","VACCOR 11 HF DB","VAC.COR","W","S",0,"WL0_16",19,26,30,28
"VIBACE01 HF DB_WL0_16","VIBACE01 HF DB","VIB.ACE","W","S",0,"WL0_16",98,NA,NA,NA
"ACEPEN18 HF DB_WL0_15","ACEPEN18 HF DB","ACE.PEN","W","S",0,"WL0_15",98,101,104,NA
"ACERUB23 HF DB_WL0_15","ACERUB23 HF DB","ACE.RUB","W","S",0,"WL0_15",NA,NA,NA,NA
"BETALL32 HF DB_WL0_15","BETALL32 HF DB","BET.ALL","W","S",0,"WL0_15",65,70,73,NA
"COMPER 3 HF DB_WL0_14","COMPER 3 HF DB","COM.PER","W","S",0,"WL0_14",NA,NA,NA,NA
"ILEVER10 HF DB_WL0_14","ILEVER10 HF DB","ILE.VER","W","S",0,"WL0_14",NA,NA,NA,NA
"VACCOR 2 HF DB_WL0_14","VACCOR 2 HF DB","VAC.COR","W","S",0,"WL0_14",54,63,73,NA
"COMPER 5 HF DB_WL0_13","COMPER 5 HF DB","COM.PER","W","S",0,"WL0_13",NA,NA,NA,NA
"ILEVER07 HF DB_WL0_13","ILEVER07 HF DB","ILE.VER","W","S",0,"WL0_13",40,40,42,NA
"PRUPEN 24 HF DB_WL0_13","PRUPEN 24 HF DB","PRU.PEN","W","S",0,"WL0_13",33,NA,NA,NA
"BETALL25 HF DB_WL0_12","BETALL25 HF DB","BET.ALL","W","S",0,"WL0_12",61,73,90,NA
"ILEVER04 HF DB_WL0_12","ILEVER04 HF DB","ILE.VER","W","S",0,"WL0_12",NA,33,NA,NA
"VACCOR 11 HF DB_WL0_12","VACCOR 11 HF DB","VAC.COR","W","S",0,"WL0_12",28,42,47,26
"COMPER 5 HF DB_WL0_11","COMPER 5 HF DB","COM.PER","W","S",0,"WL0_11",90,93,104,47
"PRUPEN 23 HF DB_WL0_11","PRUPEN 23 HF DB","PRU.PEN","W","S",0,"WL0_11",16,21,23,NA
"PRUVIR 5 HF DB_WL0_11","PRUVIR 5 HF DB","PRU.VIR","W","S",0,"WL0_11",30,50,56,NA
"ACESAC18 HF DB_WL0_10","ACESAC18 HF DB","ACE.SAC","W","S",0,"WL0_10",NA,NA,NA,NA
"COMPER 6 HF DB_WL0_10","COMPER 6 HF DB","COM.PER","W","S",0,"WL0_10",35,40,NA,NA
"CORCOR 15 HF DB_WL0_10","CORCOR 15 HF DB","COR.COR","W","S",0,"WL0_10",NA,NA,NA,NA
"ACEPEN18 HF DB_WL0_1","ACEPEN18 HF DB","ACE.PEN","W","S",0,"WL0_1",50,58,63,NA
"BETALL32 HF DB_WL0_1","BETALL32 HF DB","BET.ALL","W","S",0,"WL0_1",63,73,82,NA
"CORCOR 17 HF DB_WL0_1","CORCOR 17 HF DB","COR.COR","W","S",0,"WL0_1",NA,NA,NA,63
"ACERUB25 HF DB_CS0_9","ACERUB25 HF DB","ACE.RUB","C","S",0,"CS0_9",NA,NA,NA,NA
"ILEVER09 HF DB1_CS0_9","ILEVER09 HF DB1","ILE.VER","C","S",0,"CS0_9",NA,NA,NA,NA
"PRUPEN16 HF DB_CS0_9","PRUPEN16 HF DB","PRU.PEN","C","S",0,"CS0_9",NA,NA,NA,NA
"ACERUB29 HF DB_CS0_8","ACERUB29 HF DB","ACE.RUB","C","S",0,"CS0_8",NA,NA,NA,NA
"BETALL32 HF DB_CS0_8","BETALL32 HF DB","BET.ALL","C","S",0,"CS0_8",87,96,104,NA
"COMPER 6 HF DB_CS0_8","COMPER 6 HF DB","COM.PER","C","S",0,"CS0_8",NA,NA,NA,NA
"BETALL26 HF DB_CS0_7","BETALL26 HF DB","BET.ALL","C","S",0,"CS0_7",70,79,82,NA
"VACCOR 7 HF DB_CS0_7","VACCOR 7 HF DB","VAC.COR","C","S",0,"CS0_7",28,NA,NA,NA
"VIBACE06 HF DB_CS0_7","VIBACE06 HF DB","VIB.ACE","C","S",0,"CS0_7",NA,NA,NA,NA
"ACESAC17 HF DB_CS0_6","ACESAC17 HF DB","ACE.SAC","C","S",0,"CS0_6",NA,NA,NA,NA
"BETALL31 HF DB_CS0_6","BETALL31 HF DB","BET.ALL","C","S",0,"CS0_6",82,84,93,NA
"VIBACE06 HF DB_CS0_6","VIBACE06 HF DB","VIB.ACE","C","S",0,"CS0_6",90,93,104,NA
"ILEVER03 HF DB_CS0_5","ILEVER03 HF DB","ILE.VER","C","S",0,"CS0_5",56,65,68,NA
"PRUPEN 24 HF DB_CS0_5","PRUPEN 24 HF DB","PRU.PEN","C","S",0,"CS0_5",33,63,NA,NA
"VACCOR 10 HF DB_CS0_5","VACCOR 10 HF DB","VAC.COR","C","S",0,"CS0_5",14,70,79,68
"BETALL32 HF DB_CS0_4","BETALL32 HF DB","BET.ALL","C","S",0,"CS0_4",84,82,87,NA
"COMPER 2 HF DB_CS0_4","COMPER 2 HF DB","COM.PER","C","S",0,"CS0_4",NA,NA,NA,33
"VACCOR 3 HF DB_CS0_4","VACCOR 3 HF DB","VAC.COR","C","S",0,"CS0_4",NA,NA,NA,NA
"ACEPEN14 HF DB_CS0_3","ACEPEN14 HF DB","ACE.PEN","C","S",0,"CS0_3",NA,NA,NA,NA
"CORCOR10_HF_CS0_3","CORCOR10_HF","COR.COR","C","S",0,"CS0_3",NA,NA,NA,104
"PRUVIR 5 HF DB_CS0_3","PRUVIR 5 HF DB","PRU.VIR","C","S",0,"CS0_3",NA,NA,NA,NA
"CORCOR14 HF DB_CS0_24","CORCOR14 HF DB","COR.COR","C","S",0,"CS0_24",96,79,84,73
"PRUPEN 23 HF DB_CS0_24","PRUPEN 23 HF DB","PRU.PEN","C","S",0,"CS0_24",23,NA,NA,NA
"PRUVIR 6 HF DB_CS0_24","PRUVIR 6 HF DB","PRU.VIR","C","S",0,"CS0_24",NA,NA,NA,NA
"CORCOR09_HF_CS0_23","CORCOR09_HF","COR.COR","C","S",0,"CS0_23",90,107,NA,NA
"ILEMUC 11 HF DB_CS0_23","ILEMUC 11 HF DB","ILE.MUC","C","S",0,"CS0_23",NA,NA,NA,NA
"VACCOR 8 HF DB_CS0_23","VACCOR 8 HF DB","VAC.COR","C","S",0,"CS0_23",28,37,40,40
"COMPER 4 HF DB_CS0_22","COMPER 4 HF DB","COM.PER","C","S",0,"CS0_22",NA,NA,NA,30
"ILEMUC 14 HF DB_CS0_22","ILEMUC 14 HF DB","ILE.MUC","C","S",0,"CS0_22",NA,NA,NA,NA
"PRUVIR 3 HF DB_CS0_22","PRUVIR 3 HF DB","PRU.VIR","C","S",0,"CS0_22",NA,NA,NA,NA
"CORCOR 15_HF_CS0_21","CORCOR 15_HF","COR.COR","C","S",0,"CS0_21",96,NA,NA,68
"ILEVER01 HF DB_CS0_21","ILEVER01 HF DB","ILE.VER","C","S",0,"CS0_21",NA,NA,NA,NA
"VIBACE09 HF DB_CS0_21","VIBACE09 HF DB","VIB.ACE","C","S",0,"CS0_21",NA,NA,NA,NA
"COMPER 8 HF DB_CS0_20","COMPER 8 HF DB","COM.PER","C","S",0,"CS0_20",NA,NA,NA,NA
"ILEVER08 HF DB_CS0_20","ILEVER08 HF DB","ILE.VER","C","S",0,"CS0_20",NA,NA,NA,NA
"PRUPEN16 HF DB_CS0_20","PRUPEN16 HF DB","PRU.PEN","C","S",0,"CS0_20",30,56,NA,NA
"ACESAC11 HF DB_CS0_2","ACESAC11 HF DB","ACE.SAC","C","S",0,"CS0_2",NA,NA,NA,NA
"COMPER 5 HF DB_CS0_2","COMPER 5 HF DB","COM.PER","C","S",0,"CS0_2",NA,NA,NA,NA
"CORCOR09_HF_CS0_2","CORCOR09_HF","COR.COR","C","S",0,"CS0_2",93,101,107,NA
"ACEPEN16 HF DB_CS0_19","ACEPEN16 HF DB","ACE.PEN","C","S",0,"CS0_19",NA,NA,NA,NA
"ACERUB25 HF DB_CS0_19","ACERUB25 HF DB","ACE.RUB","C","S",0,"CS0_19",NA,NA,NA,NA
"ILEVER08 HF DB_CS0_19","ILEVER08 HF DB","ILE.VER","C","S",0,"CS0_19",NA,NA,NA,NA
"ACEPEN20 HF DB_CS0_18","ACEPEN20 HF DB","ACE.PEN","C","S",0,"CS0_18",NA,NA,NA,NA
"ACERUB23 HF DB_CS0_18","ACERUB23 HF DB","ACE.RUB","C","S",0,"CS0_18",NA,NA,NA,NA
"ACESAC17 HF DB_CS0_18","ACESAC17 HF DB","ACE.SAC","C","S",0,"CS0_18",NA,NA,NA,NA
"ILEMUC 9 HF DB_CS0_17","ILEMUC 9 HF DB","ILE.MUC","C","S",0,"CS0_17",NA,NA,NA,NA
"PRUPEN 24 HF DB_CS0_17","PRUPEN 24 HF DB","PRU.PEN","C","S",0,"CS0_17",NA,NA,NA,NA
"VIBACE07 HF DB_CS0_17","VIBACE07 HF DB","VIB.ACE","C","S",0,"CS0_17",19,82,87,NA
"ACERUB28 HF DB_CS0_16","ACERUB28 HF DB","ACE.RUB","C","S",0,"CS0_16",NA,NA,NA,NA
"ACESAC19 HF DB_CS0_16","ACESAC19 HF DB","ACE.SAC","C","S",0,"CS0_16",NA,NA,NA,NA
"VIBACE11 HF DB_CS0_16","VIBACE11 HF DB","VIB.ACE","C","S",0,"CS0_16",93,98,104,NA
"ACEPEN16 HF DB_CS0_15","ACEPEN16 HF DB","ACE.PEN","C","S",0,"CS0_15",NA,NA,NA,NA
"ACERUB23 HF DB_CS0_15","ACERUB23 HF DB","ACE.RUB","C","S",0,"CS0_15",NA,NA,NA,NA
"ILEVER01 HF DB_CS0_15","ILEVER01 HF DB","ILE.VER","C","S",0,"CS0_15",54,61,68,NA
"BETALL31 HF DB_CS0_14","BETALL31 HF DB","BET.ALL","C","S",0,"CS0_14",82,96,101,NA
"ILEMUC 9 HF DB_CS0_14","ILEMUC 9 HF DB","ILE.MUC","C","S",0,"CS0_14",NA,NA,NA,NA
"PRUPEN 23 HF DB_CS0_14","PRUPEN 23 HF DB","PRU.PEN","C","S",0,"CS0_14",NA,NA,NA,NA
"BETALL31 HF DB_CS0_13","BETALL31 HF DB","BET.ALL","C","S",0,"CS0_13",87,96,96,NA
"COMPER 6 HF DB_CS0_13","COMPER 6 HF DB","COM.PER","C","S",0,"CS0_13",NA,NA,NA,NA
"ILEMUC 10 HF DB_CS0_13","ILEMUC 10 HF DB","ILE.MUC","C","S",0,"CS0_13",NA,NA,NA,NA
"ILEMUC 12 HF DB_CS0_12","ILEMUC 12 HF DB","ILE.MUC","C","S",0,"CS0_12",NA,NA,NA,NA
"PRUVIR 3 HF DB_CS0_12","PRUVIR 3 HF DB","PRU.VIR","C","S",0,"CS0_12",NA,NA,NA,NA
"VACCOR 3 HF DB_CS0_12","VACCOR 3 HF DB","VAC.COR","C","S",0,"CS0_12",NA,NA,NA,NA
"ACESAC17 HF DB_CS0_11","ACESAC17 HF DB","ACE.SAC","C","S",0,"CS0_11",NA,NA,NA,NA
"VACCOR 3 HF DB_CS0_11","VACCOR 3 HF DB","VAC.COR","C","S",0,"CS0_11",NA,NA,NA,NA
"VIBACE4 HF DB_CS0_11","VIBACE4 HF DB","VIB.ACE","C","S",0,"CS0_11",NA,NA,NA,NA
"ACEPEN14 HF DB_CS0_10","ACEPEN14 HF DB","ACE.PEN","C","S",0,"CS0_10",NA,NA,NA,NA
"ACESAC11 HF DB_CS0_10","ACESAC11 HF DB","ACE.SAC","C","S",0,"CS0_10",NA,NA,NA,NA
"PRUVIR 7 HF DB_CS0_10","PRUVIR 7 HF DB","AME.SPP","C","S",0,"CS0_10",NA,NA,NA,NA
"ACEPEN20 HF DB_CS0_1","ACEPEN20 HF DB","ACE.PEN","C","S",0,"CS0_1",NA,NA,NA,NA
"CORCOR06 HF_CS0_1","CORCOR06 HF","COR.COR","C","S",0,"CS0_1",NA,NA,NA,NA
"PRUVIR 2 HF DB_CS0_1","PRUVIR 2 HF DB","PRU.VIR","C","S",0,"CS0_1",NA,NA,NA,NA
"BETALL32 HF DB_CL0_9","BETALL32 HF DB","BET.ALL","C","L",0,"CL0_9",NA,76,82,NA
"ILEVER06 HF DB_CL0_9","ILEVER06 HF DB","ILE.VER","C","L",0,"CL0_9",NA,NA,NA,NA
"VACCOR 6 HF DB_CL0_9","VACCOR 6 HF DB","VAC.COR","C","L",0,"CL0_9",NA,NA,NA,NA
"ACESAC19 HF DB_CL0_8","ACESAC19 HF DB","ACE.SAC","C","L",0,"CL0_8",NA,NA,NA,NA
"COMPER 1 HF DB_CL0_8","COMPER 1 HF DB","COM.PER","C","L",0,"CL0_8",NA,NA,NA,NA
"PRUVIR 5 HF DB_CL0_8","PRUVIR 5 HF DB","PRU.VIR","C","L",0,"CL0_8",NA,NA,NA,NA
"ACEPEN20 HF DB_CL0_7","ACEPEN20 HF DB","ACE.PEN","C","L",0,"CL0_7",NA,104,107,NA
"ACERUB25 HF DB_CL0_7","ACERUB25 HF DB","ACE.RUB","C","L",0,"CL0_7",NA,NA,NA,NA
"ACESAC11 HF DB_CL0_7","ACESAC11 HF DB","ACE.SAC","C","L",0,"CL0_7",NA,NA,NA,NA
"ACEPEN18 HF DB_CL0_6","ACEPEN18 HF DB","ACE.PEN","C","L",0,"CL0_6",56,63,68,93
"ACERUB25 HF DB_CL0_6","ACERUB25 HF DB","ACE.RUB","C","L",0,"CL0_6",NA,NA,NA,NA
"ILEMUC 10 HF DB_CL0_6","ILEMUC 10 HF DB","ILE.MUC","C","L",0,"CL0_6",101,107,110,NA
"ACEPEN16 HF DB_CL0_5","ACEPEN16 HF DB","ACE.PEN","C","L",0,"CL0_5",NA,NA,NA,NA
"ILEMUC 13 HF DB_CL0_5","ILEMUC 13 HF DB","ILE.MUC","C","L",0,"CL0_5",70,73,76,73
"VIBACE06 HF DB_CL0_5","VIBACE06 HF DB","VIB.ACE","C","L",0,"CL0_5",NA,NA,NA,NA
"BETALL32 HF DB_CL0_4","BETALL32 HF DB","BET.ALL","C","L",0,"CL0_4",82,84,93,NA
"COMPER 2 HF DB_CL0_4","COMPER 2 HF DB","COM.PER","C","L",0,"CL0_4",NA,NA,NA,NA
"PRUVIR 2 HF DB_CL0_4","PRUVIR 2 HF DB","PRU.VIR","C","L",0,"CL0_4",NA,NA,NA,NA
"COMPER 4 HF DB_CL0_3","COMPER 4 HF DB","COM.PER","C","L",0,"CL0_3",NA,NA,NA,30
"CORCOR07_HF_CL0_3","CORCOR07_HF","COR.COR","C","L",0,"CL0_3",96,101,107,NA
"ILEMUC 13 HF DB_CL0_3","ILEMUC 13 HF DB","ILE.MUC","C","L",0,"CL0_3",82,90,93,107
"COMPER 4 HF DB_CL0_24","COMPER 4 HF DB","COM.PER","C","L",0,"CL0_24",NA,NA,NA,33
"PRUPEN17 HF DB_CL0_24","PRUPEN17 HF DB","PRU.PEN","C","L",0,"CL0_24",35,NA,NA,NA
"PRUVIR 4 HF DB_CL0_24","PRUVIR 4 HF DB","PRU.VIR","C","L",0,"CL0_24",NA,NA,NA,NA
"ACESAC12 HF DB_CL0_23","ACESAC12 HF DB","ACE.SAC","C","L",0,"CL0_23",NA,NA,NA,NA
"PRUPEN 23 HF DB_CL0_23","PRUPEN 23 HF DB","PRU.PEN","C","L",0,"CL0_23",NA,NA,NA,NA
"VACCOR 11 HF DB_CL0_23","VACCOR 11 HF DB","VAC.COR","C","L",0,"CL0_23",12,101,107,33
"ACEPEN19 HF DB_CL0_22","ACEPEN19 HF DB","ACE.PEN","C","L",0,"CL0_22",73,84,90,87
"ACESAC18 HF DB_CL0_22","ACESAC18 HF DB","ACE.SAC","C","L",0,"CL0_22",NA,NA,NA,NA
"VIBACE06 HF DB_CL0_22","VIBACE06 HF DB","VIB.ACE","C","L",0,"CL0_22",NA,NA,NA,NA
"ILEMUC 11 HF DB_CL0_21","ILEMUC 11 HF DB","ILE.MUC","C","L",0,"CL0_21",90,NA,NA,NA
"PRUPEN 23 HF DB_CL0_21","PRUPEN 23 HF DB","PRU.PEN","C","L",0,"CL0_21",NA,NA,NA,NA
"VACCOR 3 HF DB_CL0_21","VACCOR 3 HF DB","VAC.COR","C","L",0,"CL0_21",NA,NA,NA,93
"ACEPEN17 HF DB_CL0_20","ACEPEN17 HF DB","ACE.PEN","C","L",0,"CL0_20",NA,NA,NA,NA
"CORCOR10_HF_CL0_20","CORCOR10_HF","COR.COR","C","L",0,"CL0_20",82,90,96,52
"PRUVIR 2 HF DB_CL0_20","PRUVIR 2 HF DB","PRU.VIR","C","L",0,"CL0_20",NA,NA,NA,NA
"BETALL33 HF DB_CL0_2","BETALL33 HF DB","BET.ALL","C","L",0,"CL0_2",104,107,110,NA
"ILEVER04 HF DB_CL0_2","ILEVER04 HF DB","ILE.VER","C","L",0,"CL0_2",NA,NA,NA,NA
"PRUPEN 22 HF DB_CL0_2","PRUPEN 22 HF DB","PRU.PEN","C","L",0,"CL0_2",35,45,82,NA
"ACERUB23 HF DB_CL0_19","ACERUB23 HF DB","ACE.RUB","C","L",0,"CL0_19",NA,NA,NA,NA
"PRUVIR 6 HF DB_CL0_19","PRUVIR 6 HF DB","PRU.VIR","C","L",0,"CL0_19",NA,NA,NA,NA
"VACCOR 11 HF DB_CL0_19","VACCOR 11 HF DB","VAC.COR","C","L",0,"CL0_19",84,101,110,45
"COMPER 6 HF DB_CL0_18","COMPER 6 HF DB","COM.PER","C","L",0,"CL0_18",NA,NA,NA,NA
"ILEMUC 12 HF DB_CL0_18","ILEMUC 12 HF DB","ILE.MUC","C","L",0,"CL0_18",NA,NA,NA,NA
"VIBACE10 HF DB_CL0_18","VIBACE10 HF DB","VIB.ACE","C","L",0,"CL0_18",96,104,NA,NA
"ACERUB23 HF DB_CL0_17","ACERUB23 HF DB","ACE.RUB","C","L",0,"CL0_17",NA,NA,NA,61
"BETALL31 HF DB_CL0_17","BETALL31 HF DB","BET.ALL","C","L",0,"CL0_17",65,70,76,NA
"CORCOR 16 HF DB_CL0_17","CORCOR 16 HF DB","COR.COR","C","L",0,"CL0_17",90,98,104,82
"CORCOR09_HF_CL0_16","CORCOR09_HF","COR.COR","C","L",0,"CL0_16",90,90,104,NA
"VACCOR 1 HF DB_CL0_16","VACCOR 1 HF DB","VAC.COR","C","L",0,"CL0_16",63,101,104,40
"VIBACE01 HF DB_CL0_16","VIBACE01 HF DB","VIB.ACE","C","L",0,"CL0_16",63,82,90,NA
"BETALL34 HF DB_CL0_15","BETALL34 HF DB","BET.ALL","C","L",0,"CL0_15",82,93,104,NA
"CORCOR07_HF_CL0_15","CORCOR07_HF","COR.COR","C","L",0,"CL0_15",84,90,101,68
"ILEVER04 HF DB_CL0_15","ILEVER04 HF DB","ILE.VER","C","L",0,"CL0_15",NA,NA,NA,NA
"ACERUB26 HF DB_CL0_14","ACERUB26 HF DB","ACE.RUB","C","L",0,"CL0_14",112,NA,NA,NA
"BETALL26 HF DB_CL0_14","BETALL26 HF DB","BET.ALL","C","L",0,"CL0_14",58,63,68,NA
"VIBACE4 HF DB_CL0_14","VIBACE4 HF DB","VIB.ACE","C","L",0,"CL0_14",112,NA,NA,NA
"PRUPEN 24 HF DB_CL0_13","PRUPEN 24 HF DB","PRU.PEN","C","L",0,"CL0_13",47,52,NA,NA
"PRUVIR 7 HF DB_CL0_13","PRUVIR 7 HF DB","AME.SPP","C","L",0,"CL0_13",NA,NA,NA,NA
"VACCOR 10 HF DB_CL0_13","VACCOR 10 HF DB","VAC.COR","C","L",0,"CL0_13",30,35,50,40
"ACESAC11 HF DB_CL0_12","ACESAC11 HF DB","ACE.SAC","C","L",0,"CL0_12",NA,NA,NA,NA
"CORCOR09_HF_CL0_12","CORCOR09_HF","COR.COR","C","L",0,"CL0_12",87,93,104,73
"ILEVER08 HF DB_CL0_12","ILEVER08 HF DB","ILE.VER","C","L",0,"CL0_12",93,96,101,NA
"ACEPEN17 HF DB_CL0_11","ACEPEN17 HF DB","ACE.PEN","C","L",0,"CL0_11",NA,NA,NA,NA
"ACESAC11 HF DB_CL0_11","ACESAC11 HF DB","ACE.SAC","C","L",0,"CL0_11",NA,NA,NA,NA
"ILEVER05 HF DB_CL0_11","ILEVER05 HF DB","ILE.VER","C","L",0,"CL0_11",96,98,101,NA
"ILEMUC 12 HF DB_CL0_10","ILEMUC 12 HF DB","ILE.MUC","C","L",0,"CL0_10",93,93,96,96
"ILEVER07 HF DB_CL0_10","ILEVER07 HF DB","ILE.VER","C","L",0,"CL0_10",47,50,52,NA
"VIBACE06 HF DB_CL0_10","VIBACE06 HF DB","VIB.ACE","C","L",0,"CL0_10",NA,NA,NA,NA
"ACERUB27 HF DB_CL0_1","ACERUB27 HF DB","ACE.RUB","C","L",0,"CL0_1",NA,NA,NA,NA
"COMPER 2 HF DB_CL0_1","COMPER 2 HF DB","COM.PER","C","L",0,"CL0_1",NA,NA,NA,30
"PRUPEN 21 HF DB_CL0_1","PRUPEN 21 HF DB","BET.SPP","C","L",0,"CL0_1",50,52,61,NA
"ACERUB25 HF DB_WS1_9","ACERUB25 HF DB","ACE.RUB","W","S",1,"WS1_9",NA,NA,NA,NA
"CORCOR10_HF_WS1_9","CORCOR10_HF","COR.COR","W","S",1,"WS1_9",76,94,NA,42
"VACCOR 9 HF DB_WS1_9","VACCOR 9 HF DB","VAC.COR","W","S",1,"WS1_9",12,17,22,24
"COMPER 3 HF DB_WS1_8","COMPER 3 HF DB","COM.PER","W","S",1,"WS1_8",14,19,24,24
"VACCOR 3 HF DB_WS1_8","VACCOR 3 HF DB","VAC.COR","W","S",1,"WS1_8",37,42,62,22
"VIBACE4 HF DB_WS1_8","VIBACE4 HF DB","VIB.ACE","W","S",1,"WS1_8",NA,NA,NA,NA
"ACESAC19 HF DB_WS1_7","ACESAC19 HF DB","ACE.SAC","W","S",1,"WS1_7",68,NA,NA,NA
"ILEVER10 HF DB_WS1_7","ILEVER10 HF DB","ILE.VER","W","S",1,"WS1_7",NA,NA,NA,NA
"VACCOR ? HF DB_WS1_7","VACCOR ? HF DB","VAC.COR","W","S",1,"WS1_7",7,14,33,26
"ACESAC16 HF DB_WS1_6","ACESAC16 HF DB","ACE.SAC","W","S",1,"WS1_6",NA,65,68,NA
"BETALL34 HF DB_WS1_6","BETALL34 HF DB","BET.ALL","W","S",1,"WS1_6",40,42,54,NA
"ILEVER08 HF DB_WS1_6","ILEVER08 HF DB","ILE.VER","W","S",1,"WS1_6",14,17,22,NA
"ACEPEN17 HF DB_WS1_5","ACEPEN17 HF DB","ACE.PEN","W","S",1,"WS1_5",33,42,48,NA
"PRUPEN 24 HF DB_WS1_5","PRUPEN 24 HF DB","PRU.PEN","W","S",1,"WS1_5",9,19,24,NA
"PRUVIR 7 HF DB_WS1_5","PRUVIR 7 HF DB","AME.SPP","W","S",1,"WS1_5",45,51,86,40
"ACEPEN14 HF DB_WS1_4","ACEPEN14 HF DB","ACE.PEN","W","S",1,"WS1_4",26,40,45,NA
"CORCOR 17 HF DB_WS1_4","CORCOR 17 HF DB","COR.COR","W","S",1,"WS1_4",45,62,76,33
"PRUVIR 5 HF DB_WS1_4","PRUVIR 5 HF DB","PRU.VIR","W","S",1,"WS1_4",NA,NA,28,54
"ACEPEN18 HF DB_WS1_3","ACEPEN18 HF DB","ACE.PEN","W","S",1,"WS1_3",26,35,42,37
"ACESAC12 HF DB_WS1_3","ACESAC12 HF DB","ACE.SAC","W","S",1,"WS1_3",NA,NA,NA,NA
"VIBACE06 HF DB_WS1_3","VIBACE06 HF DB","VIB.ACE","W","S",1,"WS1_3",NA,NA,NA,NA
"PRUPEN 24 HF DB_WS1_24","PRUPEN 24 HF DB","PRU.PEN","W","S",1,"WS1_24",12,19,24,26
"PRUVIR 7 HF DB_WS1_24","PRUVIR 7 HF DB","AME.SPP","W","S",1,"WS1_24",NA,NA,NA,NA
"VIBACE08 HF DB_WS1_24","VIBACE08 HF DB","VIB.ACE","W","S",1,"WS1_24",22,24,28,NA
"BETALL33 HF DB_WS1_23","BETALL33 HF DB","BET.ALL","W","S",1,"WS1_23",28,33,35,NA
"ILEMUC 14 HF DB_WS1_23","ILEMUC 14 HF DB","ILE.MUC","W","S",1,"WS1_23",NA,NA,NA,NA
"VACCOR 1 HF DB_WS1_23","VACCOR 1 HF DB","VAC.COR","W","S",1,"WS1_23",37,42,48,19
"ACESAC11 HF DB_WS1_22","ACESAC11 HF DB","ACE.SAC","W","S",1,"WS1_22",62,NA,NA,NA
"BETALL33 HF DB_WS1_22","BETALL33 HF DB","BET.ALL","W","S",1,"WS1_22",79,51,54,NA
"VIBACE02 HF DB_WS1_22","VIBACE02 HF DB","VIB.ACE","W","S",1,"WS1_22",37,40,42,NA
"ACERUB28 HF DB_WS1_21","ACERUB28 HF DB","ACE.RUB","W","S",1,"WS1_21",NA,NA,NA,NA
"COMPER 8 HF DB_WS1_21","COMPER 8 HF DB","COM.PER","W","S",1,"WS1_21",12,19,35,14
"VIBACE4 HF DB_WS1_21","VIBACE4 HF DB","VIB.ACE","W","S",1,"WS1_21",NA,NA,NA,NA
"ACESAC11 HF DB_WS1_20","ACESAC11 HF DB","ACE.SAC","W","S",1,"WS1_20",68,73,76,NA
"CORCOR14 HF DB_WS1_20","CORCOR14 HF DB","COR.COR","W","S",1,"WS1_20",33,35,40,24
"PRUPEN 24 HF DB_WS1_20","PRUPEN 24 HF DB","PRU.PEN","W","S",1,"WS1_20",7,17,19,26
"BETALL32 HF DB_WS1_2","BETALL32 HF DB","BET.ALL","W","S",1,"WS1_2",37,45,51,NA
"CORCOR08_HF_WS1_2","CORCOR08_HF","COR.COR","W","S",1,"WS1_2",35,40,45,37
"ILEVER05 HF DB_WS1_2","ILEVER05 HF DB","ILE.VER","W","S",1,"WS1_2",19,22,26,NA
"ACEPEN19 HF DB_WS1_19","ACEPEN19 HF DB","ACE.PEN","W","S",1,"WS1_19",28,40,45,42
"CORCOR07_HF_WS1_19","CORCOR07_HF","COR.COR","W","S",1,"WS1_19",NA,NA,NA,NA
"ILEMUC 14 HF DB_WS1_19","ILEMUC 14 HF DB","ILE.MUC","W","S",1,"WS1_19",28,33,37,NA
"ACERUB29 HF DB_WS1_18","ACERUB29 HF DB","ACE.RUB","W","S",1,"WS1_18",NA,NA,NA,NA
"ILEVER08 HF DB_WS1_18","ILEVER08 HF DB","ILE.VER","W","S",1,"WS1_18",14,19,22,NA
"PRUVIR 3 HF DB_WS1_18","PRUVIR 3 HF DB","PRU.VIR","W","S",1,"WS1_18",35,40,NA,NA
"ACEPEN16 HF DB_WS1_17","ACEPEN16 HF DB","ACE.PEN","W","S",1,"WS1_17",26,35,40,40
"ACERUB26 HF DB_WS1_17","ACERUB26 HF DB","ACE.RUB","W","S",1,"WS1_17",NA,NA,NA,56
"VACCOR 7 HF DB_WS1_17","VACCOR 7 HF DB","VAC.COR","W","S",1,"WS1_17",17,24,28,NA
"ACEPEN14 HF DB_WS1_16","ACEPEN14 HF DB","ACE.PEN","W","S",1,"WS1_16",35,51,54,NA
"ILEMUC 10 HF DB_WS1_16","ILEMUC 10 HF DB","ILE.MUC","W","S",1,"WS1_16",NA,NA,62,89
"PRUVIR 7 HF DB_WS1_16","PRUVIR 7 HF DB","AME.SPP","W","S",1,"WS1_16",NA,NA,NA,NA
"ACESAC18 HF DB_WS1_15","ACESAC18 HF DB","ACE.SAC","W","S",1,"WS1_15",84,NA,NA,NA
"ILEVER05 HF DB_WS1_15","ILEVER05 HF DB","ILE.VER","W","S",1,"WS1_15",17,22,24,NA
"PRUPEN17 HF DB_WS1_15","PRUPEN17 HF DB","PRU.PEN","W","S",1,"WS1_15",7,14,17,24
"ACERUB28 HF DB_WS1_14","ACERUB28 HF DB","ACE.RUB","W","S",1,"WS1_14",NA,NA,NA,NA
"ILEMUC 12 HF DB_WS1_14","ILEMUC 12 HF DB","ILE.MUC","W","S",1,"WS1_14",NA,NA,NA,NA
"ILEVER 5 HF DB_WS1_14","ILEVER 5 HF DB","ILE.VER","W","S",1,"WS1_14",14,22,28,NA
"COMPER 3 HF DB_WS1_13","COMPER 3 HF DB","COM.PER","W","S",1,"WS1_13",14,22,26,12
"PRUVIR 4 HF DB_WS1_13","PRUVIR 4 HF DB","PRU.VIR","W","S",1,"WS1_13",NA,33,35,45
"VACCOR 1 HF DB_WS1_13","VACCOR 1 HF DB","VAC.COR","W","S",1,"WS1_13",12,17,22,17
"COMPER 3 HF DB_WS1_12","COMPER 3 HF DB","COM.PER","W","S",1,"WS1_12",12,17,22,NA
"CORCOR10_HF_WS1_12","CORCOR10_HF","COR.COR","W","S",1,"WS1_12",86,62,65,NA
"ILEMUC 12 HF DB_WS1_12","ILEMUC 12 HF DB","ILE.MUC","W","S",1,"WS1_12",73,107,79,79
"BETALL26 HF DB_WS1_11","BETALL26 HF DB","BET.ALL","W","S",1,"WS1_11",30,40,45,NA
"COMPER 2 HF DB_WS1_11","COMPER 2 HF DB","COM.PER","W","S",1,"WS1_11",19,26,48,9
"PRUPEN 22 HF DB_WS1_11","PRUPEN 22 HF DB","PRU.PEN","W","S",1,"WS1_11",12,19,24,NA
"BETALL32 HF DB_WS1_10","BETALL32 HF DB","BET.ALL","W","S",1,"WS1_10",42,45,51,NA
"COMPER 3 HF DB_WS1_10","COMPER 3 HF DB","COM.PER","W","S",1,"WS1_10",12,17,26,NA
"PRUPEN17 HF DB_WS1_10","PRUPEN17 HF DB","PRU.PEN","W","S",1,"WS1_10",NA,NA,NA,NA
"ACERUB25 HF DB_WS1_1","ACERUB25 HF DB","ACE.RUB","W","S",1,"WS1_1",NA,NA,NA,NA
"ILEMUC 14 HF DB_WS1_1","ILEMUC 14 HF DB","ILE.MUC","W","S",1,"WS1_1",45,48,51,NA
"VIBACE07 HF DB_WS1_1","VIBACE07 HF DB","VIB.ACE","W","S",1,"WS1_1",NA,NA,NA,NA
"COMPER ? HF DB_WL1_9","COMPER ? HF DB","COM.PER","W","L",1,"WL1_9",28,35,42,14
"ILEMUC 13 HF DB_WL1_9","ILEMUC 13 HF DB","ILE.MUC","W","L",1,"WL1_9",22,28,33,33
"VIBACE08 HF DB_WL1_9","VIBACE08 HF DB","VIB.ACE","W","L",1,"WL1_9",17,19,24,NA
"ACERUB25 HF DB_WL1_8","ACERUB25 HF DB","ACE.RUB","W","L",1,"WL1_8",NA,NA,NA,NA
"BETALL31 HF DB_WL1_8","BETALL31 HF DB","BET.ALL","W","L",1,"WL1_8",33,35,40,NA
"COMPER 4 HF DB_WL1_8","COMPER 4 HF DB","COM.PER","W","L",1,"WL1_8",9,22,33,12
"BETALL31 HF DB_WL1_7","BETALL31 HF DB","BET.ALL","W","L",1,"WL1_7",33,42,51,NA
"CORCOR06 HF_WL1_7","CORCOR06 HF","COR.COR","W","L",1,"WL1_7",22,24,26,NA
"PRUPEN 26 HF DB_WL1_7","PRUPEN 26 HF DB","PRU.PEN","W","L",1,"WL1_7",9,14,22,NA
"ACEPEN17 HF DB_WL1_6","ACEPEN17 HF DB","ACE.PEN","W","L",1,"WL1_6",26,37,40,NA
"ACESAC18 HF DB_WL1_6","ACESAC18 HF DB","ACE.SAC","W","L",1,"WL1_6",48,51,56,NA
"PRUPEN17 HF DB_WL1_6","PRUPEN17 HF DB","PRU.PEN","W","L",1,"WL1_6",9,14,17,22
"BETALL34 HF DB_WL1_5","BETALL34 HF DB","BET.ALL","W","L",1,"WL1_5",24,33,45,NA
"CORCOR10_HF_WL1_5","CORCOR10_HF","COR.COR","W","L",1,"WL1_5",NA,NA,NA,NA
"ILEMUC 9 HF DB_WL1_5","ILEMUC 9 HF DB","ILE.MUC","W","L",1,"WL1_5",24,26,28,NA
"ACEPEN20 HF DB_WL1_4","ACEPEN20 HF DB","ACE.PEN","W","L",1,"WL1_4",30,37,42,NA
"CORCOR09_HF_WL1_4","CORCOR09_HF","COR.COR","W","L",1,"WL1_4",35,35,48,NA
"ILEMUC 9 HF DB_WL1_4","ILEMUC 9 HF DB","ILE.MUC","W","L",1,"WL1_4",22,26,28,NA
"ACESAC13 HF DB_WL1_3","ACESAC13 HF DB","ACE.SAC","W","L",1,"WL1_3",48,NA,51,NA
"BETALL31 HF DB_WL1_3","BETALL31 HF DB","BET.ALL","W","L",1,"WL1_3",28,30,35,NA
"PRUPEN 24 HF DB_WL1_3","PRUPEN 24 HF DB","PRU.PEN","W","L",1,"WL1_3",7,12,17,22
"ACEPEN14 HF DB_WL1_24","ACEPEN14 HF DB","ACE.PEN","W","L",1,"WL1_24",33,NA,NA,NA
"ILEMUC 12 HF DB_WL1_24","ILEMUC 12 HF DB","ILE.MUC","W","L",1,"WL1_24",40,54,62,NA
"ILEVER06 HF DB_WL1_24","ILEVER06 HF DB","ILE.VER","W","L",1,"WL1_24",19,22,24,62
"ILEMUC 14 HF DB_WL1_23","ILEMUC 14 HF DB","ILE.MUC","W","L",1,"WL1_23",22,22,24,NA
"ILEVER04 HF DB_WL1_23","ILEVER04 HF DB","ILE.VER","W","L",1,"WL1_23",17,19,22,NA
"VACCOR 7 HF DB_WL1_23","VACCOR 7 HF DB","VAC.COR","W","L",1,"WL1_23",12,14,22,17
"CORCOR 15 HF DB_WL1_22","CORCOR 15 HF DB","COR.COR","W","L",1,"WL1_22",NA,NA,NA,NA
"PRUPEN 23 HF DB_WL1_22","PRUPEN 23 HF DB","PRU.PEN","W","L",1,"WL1_22",9,14,12,NA
"VACCOR 7 HF DB_WL1_22","VACCOR 7 HF DB","VAC.COR","W","L",1,"WL1_22",17,24,28,NA
"BETALL26 HF DB_WL1_21","BETALL26 HF DB","BET.ALL","W","L",1,"WL1_21",33,33,35,NA
"ILEMUC 13 HF DB_WL1_21","ILEMUC 13 HF DB","ILE.MUC","W","L",1,"WL1_21",30,33,35,35
"VACCOR 2 HF DB_WL1_21","VACCOR 2 HF DB","VAC.COR","W","L",1,"WL1_21",12,17,22,19
"ACERUB23 HF DB_WL1_20","ACERUB23 HF DB","ACE.RUB","W","L",1,"WL1_20",76,NA,73,28
"ACESAC13 HF DB_WL1_20","ACESAC13 HF DB","ACE.SAC","W","L",1,"WL1_20",48,NA,51,NA
"COMPER 6 HF DB_WL1_20","COMPER 6 HF DB","COM.PER","W","L",1,"WL1_20",14,22,30,17
"ACEPEN19 HF DB_WL1_2","ACEPEN19 HF DB","ACE.PEN","W","L",1,"WL1_2",14,24,26,NA
"COMPER 5 HF DB_WL1_2","COMPER 5 HF DB","COM.PER","W","L",1,"WL1_2",24,28,35,17
"VIBACE06 HF DB_WL1_2","VIBACE06 HF DB","VIB.ACE","W","L",1,"WL1_2",28,33,45,NA
"ILEVER07 HF DB_WL1_19","ILEVER07 HF DB","ILE.VER","W","L",1,"WL1_19",12,17,19,NA
"PRUVIR 2 HF DB_WL1_19","PRUVIR 2 HF DB","PRU.VIR","W","L",1,"WL1_19",33,30,37,NA
"VIBACE06 HF DB_WL1_19","VIBACE06 HF DB","VIB.ACE","W","L",1,"WL1_19",NA,NA,NA,NA
"ACESAC11 HF DB_WL1_18","ACESAC11 HF DB","ACE.SAC","W","L",1,"WL1_18",NA,68,70,NA
"CORCOR16 HF_WL1_18","CORCOR16 HF","COR.COR","W","L",1,"WL1_18",28,35,54,28
"VIBACE4 HF DB_WL1_18","VIBACE4 HF DB","VIB.ACE","W","L",1,"WL1_18",NA,NA,NA,NA
"ACEPEN14 HF DB_WL1_17","ACEPEN14 HF DB","ACE.PEN","W","L",1,"WL1_17",26,40,42,NA
"ACESAC17 HF DB_WL1_17","ACESAC17 HF DB","ACE.SAC","W","L",1,"WL1_17",62,NA,68,NA
"VIBACE11 HF DB_WL1_17","VIBACE11 HF DB","VIB.ACE","W","L",1,"WL1_17",26,33,40,NA
"ACEPEN16 HF DB_WL1_16","ACEPEN16 HF DB","ACE.PEN","W","L",1,"WL1_16",28,51,54,NA
"ACERUB28 HF DB_WL1_16","ACERUB28 HF DB","ACE.RUB","W","L",1,"WL1_16",NA,NA,NA,NA
"ILEVER06 HF DB_WL1_16","ILEVER06 HF DB","ILE.VER","W","L",1,"WL1_16",14,17,22,NA
"ACERUB23 HF DB_WL1_15","ACERUB23 HF DB","ACE.RUB","W","L",1,"WL1_15",62,65,68,33
"ILEVER05 HF DB_WL1_15","ILEVER05 HF DB","ILE.VER","W","L",1,"WL1_15",12,17,22,NA
"PRUVIR 4 HF DB_WL1_15","PRUVIR 4 HF DB","PRU.VIR","W","L",1,"WL1_15",26,28,33,NA
"BETALL31 HF DB_WL1_14","BETALL31 HF DB","BET.ALL","W","L",1,"WL1_14",35,37,42,NA
"COMPER 5 HF DB_WL1_14","COMPER 5 HF DB","COM.PER","W","L",1,"WL1_14",14,24,42,12
"CORCOR16_HF_WL1_14","CORCOR16_HF","COR.COR","W","L",1,"WL1_14",33,40,54,NA
"ACERUB22 HF DB_WL1_13","ACERUB22 HF DB","ACE.RUB","W","L",1,"WL1_13",NA,NA,NA,NA
"COMPER 3 HF DB_WL1_13","COMPER 3 HF DB","COM.PER","W","L",1,"WL1_13",28,30,45,37
"ILEVER05 HF DB_WL1_13","ILEVER05 HF DB","ILE.VER","W","L",1,"WL1_13",28,37,NA,NA
"PRUPEN 22 HF DB_WL1_12","PRUPEN 22 HF DB","PRU.PEN","W","L",1,"WL1_12",9,17,22,NA
"PRUVIR 3 HF DB_WL1_12","PRUVIR 3 HF DB","PRU.VIR","W","L",1,"WL1_12",NA,28,30,40
"VACCOR 9 HF DB_WL1_12","VACCOR 9 HF DB","VAC.COR","W","L",1,"WL1_12",9,14,17,NA
"PRUVIR 6 HF DB_WL1_11","PRUVIR 6 HF DB","PRU.VIR","W","L",1,"WL1_11",28,30,35,NA
"VACCOR 7 HF DB_WL1_11","VACCOR 7 HF DB","VAC.COR","W","L",1,"WL1_11",17,24,26,19
"VIBACE09 HF DB_WL1_11","VIBACE09 HF DB","VIB.ACE","W","L",1,"WL1_11",22,26,28,NA
"ACESAC12 HF DB_WL1_10","ACESAC12 HF DB","ACE.SAC","W","L",1,"WL1_10",NA,NA,NA,NA
"PRUVIR 2 HF DB_WL1_10","PRUVIR 2 HF DB","PRU.VIR","W","L",1,"WL1_10",28,33,37,NA
"VACCOR 6 HF DB_WL1_10","VACCOR 6 HF DB","VAC.COR","W","L",1,"WL1_10",14,17,22,24
"ACERUB27 HF DB_WL1_1","ACERUB27 HF DB","ACE.RUB","W","L",1,"WL1_1",NA,NA,NA,NA
"PRUPEN 24 HF DB_WL1_1","PRUPEN 24 HF DB","PRU.PEN","W","L",1,"WL1_1",7,14,22,22
"PRUVIR 2 HF DB_WL1_1","PRUVIR 2 HF DB","PRU.VIR","W","L",1,"WL1_1",33,37,48,NA
"ACEPEN15 HF DB_CS1_9","ACEPEN15 HF DB","ACE.PEN","C","S",1,"CS1_9",45,48,62,NA
"COMPER 8 HF DB_CS1_9","COMPER 8 HF DB","COM.PER","C","S",1,"CS1_9",40,51,62,35
"PRUPEN 21 HF DB_CS1_9","PRUPEN 21 HF DB","BET.SPP","C","S",1,"CS1_9",30,35,48,NA
"COMPER 6 HF DB_CS1_8","COMPER 6 HF DB","COM.PER","C","S",1,"CS1_8",35,NA,NA,28
"CORCOR 16 HF DB_CS1_8","CORCOR 16 HF DB","COR.COR","C","S",1,"CS1_8",54,NA,NA,NA
"PRUPEN 22 HF DB_CS1_8","PRUPEN 22 HF DB","PRU.PEN","C","S",1,"CS1_8",12,35,40,37
"ACESAC11 HF DB_CS1_7","ACESAC11 HF DB","ACE.SAC","C","S",1,"CS1_7",86,91,97,NA
"BETALL26 HF DB_CS1_7","BETALL26 HF DB","BET.ALL","C","S",1,"CS1_7",30,56,65,NA
"PRUPEN 21 HF DB_CS1_7","PRUPEN 21 HF DB","BET.SPP","C","S",1,"CS1_7",33,35,45,NA
"ACEPEN18 HF DB_CS1_6","ACEPEN18 HF DB","ACE.PEN","C","S",1,"CS1_6",30,45,51,51
"BETALL32 HF DB_CS1_6","BETALL32 HF DB","BET.ALL","C","S",1,"CS1_6",45,54,59,NA
"VACCOR 6 HF DB_CS1_6","VACCOR 6 HF DB","VAC.COR","C","S",1,"CS1_6",37,42,45,NA
"ACERUB28 HF DB_CS1_5","ACERUB28 HF DB","ACE.RUB","C","S",1,"CS1_5",NA,NA,NA,NA
"PRUVIR 7 HF DB_CS1_5","PRUVIR 7 HF DB","AME.SPP","C","S",1,"CS1_5",NA,NA,NA,NA
"VACCOR 9 HF DB_CS1_5","VACCOR 9 HF DB","VAC.COR","C","S",1,"CS1_5",17,26,30,NA
"COMPER 8 HF DB_CS1_4","COMPER 8 HF DB","COM.PER","C","S",1,"CS1_4",33,37,68,28
"VACCOR 9 HF DB_CS1_4","VACCOR 9 HF DB","VAC.COR","C","S",1,"CS1_4",12,19,30,NA
"VIBACE10 HF DB_CS1_4","VIBACE10 HF DB","VIB.ACE","C","S",1,"CS1_4",45,51,54,82
"ACESAC11 HF DB_CS1_3","ACESAC11 HF DB","ACE.SAC","C","S",1,"CS1_3",82,91,97,NA
"CORCOR14 HF DB_CS1_3","CORCOR14 HF DB","COR.COR","C","S",1,"CS1_3",54,NA,62,NA
"ILEVER03 HF DB_CS1_3","ILEVER03 HF DB","ILE.VER","C","S",1,"CS1_3",24,33,35,107
"ACERUB23 HF DB_CS1_24","ACERUB23 HF DB","ACE.RUB","C","S",1,"CS1_24",NA,NA,NA,NA
"VACCOR 3 HF DB_CS1_24","VACCOR 3 HF DB","VAC.COR","C","S",1,"CS1_24",17,26,33,37
"VIBACE02 HF DB_CS1_24","VIBACE02 HF DB","VIB.ACE","C","S",1,"CS1_24",48,54,62,97
"CORCOR 15 HF DB_CS1_23","CORCOR 15 HF DB","COR.COR","C","S",1,"CS1_23",68,79,82,40
"ILEMUC 12 HF DB_CS1_23","ILEMUC 12 HF DB","ILE.MUC","C","S",1,"CS1_23",NA,NA,NA,NA
"VACCOR 3 HF DB_CS1_23","VACCOR 3 HF DB","VAC.COR","C","S",1,"CS1_23",22,33,35,NA
"ACERUB28 HF DB_CS1_22","ACERUB28 HF DB","ACE.RUB","C","S",1,"CS1_22",89,NA,NA,NA
"COMPER 6 HF DB_CS1_22","COMPER 6 HF DB","COM.PER","C","S",1,"CS1_22",33,65,91,28
"CORCOR 15 HF DB_CS1_22","CORCOR 15 HF DB","COR.COR","C","S",1,"CS1_22",62,68,73,37
"BETALL26 HF DB_CS1_21","BETALL26 HF DB","BET.ALL","C","S",1,"CS1_21",51,54,65,NA
"ILEVER01 HF DB_CS1_21","ILEVER01 HF DB","ILE.VER","C","S",1,"CS1_21",28,35,37,NA
"VIBACE07 HF DB_CS1_21","VIBACE07 HF DB","VIB.ACE","C","S",1,"CS1_21",42,45,51,NA
"ACERUB27 HF DB_CS1_20","ACERUB27 HF DB","ACE.RUB","C","S",1,"CS1_20",99,NA,NA,NA
"ILEMUC 13 HF DB_CS1_20","ILEMUC 13 HF DB","ILE.MUC","C","S",1,"CS1_20",NA,NA,NA,NA
"PRUPEN16 HF DB_CS1_20","PRUPEN16 HF DB","PRU.PEN","C","S",1,"CS1_20",9,26,37,NA
"ILEMUC 14 HF DB_CS1_2","ILEMUC 14 HF DB","ILE.MUC","C","S",1,"CS1_2",NA,NA,NA,NA
"PRUPEN 21 HF DB_CS1_2","PRUPEN 21 HF DB","BET.SPP","C","S",1,"CS1_2",30,37,48,NA
"VIBACE4 HF DB_CS1_2","VIBACE4 HF DB","VIB.ACE","C","S",1,"CS1_2",56,56,68,NA
"ACEPEN18 HF DB_CS1_19","ACEPEN18 HF DB","ACE.PEN","C","S",1,"CS1_19",40,51,54,54
"ILEMUC 11 HF DB_CS1_19","ILEMUC 11 HF DB","ILE.MUC","C","S",1,"CS1_19",NA,NA,NA,NA
"PRUVIR 4 HF DB_CS1_19","PRUVIR 4 HF DB","PRU.VIR","C","S",1,"CS1_19",NA,NA,NA,NA
"ACEPEN19 HF DB_CS1_18","ACEPEN19 HF DB","ACE.PEN","C","S",1,"CS1_18",35,48,54,54
"PRUVIR 4 HF DB_CS1_18","PRUVIR 4 HF DB","PRU.VIR","C","S",1,"CS1_18",NA,NA,NA,NA
"VIBACE01 HF DB_CS1_18","VIBACE01 HF DB","VIB.ACE","C","S",1,"CS1_18",62,65,73,NA
"ACERUB25 HF DB_CS1_17","ACERUB25 HF DB","ACE.RUB","C","S",1,"CS1_17",76,86,89,NA
"ACESAC12 HF DB_CS1_17","ACESAC12 HF DB","ACE.SAC","C","S",1,"CS1_17",89,94,97,NA
"BETALL25 HF DB_CS1_17","BETALL25 HF DB","BET.ALL","C","S",1,"CS1_17",45,48,51,NA
"ACEPEN20 HF DB_CS1_16","ACEPEN20 HF DB","ACE.PEN","C","S",1,"CS1_16",35,48,56,NA
"ACESAC19 HF DB_CS1_16","ACESAC19 HF DB","ACE.SAC","C","S",1,"CS1_16",NA,NA,NA,NA
"ILEMUC 10 HF DB_CS1_16","ILEMUC 10 HF DB","ILE.MUC","C","S",1,"CS1_16",NA,NA,NA,NA
"COMPER 1 HF DB_CS1_15","COMPER 1 HF DB","COM.PER","C","S",1,"CS1_15",33,40,48,30
"CORCOR09_HF_CS1_15","CORCOR09_HF","COR.COR","C","S",1,"CS1_15",56,62,65,40
"ILEVER01 HF DB_CS1_15","ILEVER01 HF DB","ILE.VER","C","S",1,"CS1_15",19,24,28,NA
"ILEMUC 11 HF DB_CS1_14","ILEMUC 11 HF DB","ILE.MUC","C","S",1,"CS1_14",NA,NA,NA,NA
"ILEVER05 HF DB_CS1_14","ILEVER05 HF DB","ILE.VER","C","S",1,"CS1_14",22,28,30,NA
"PRUVIR 5 HF DB_CS1_14","PRUVIR 5 HF DB","PRU.VIR","C","S",1,"CS1_14",48,NA,NA,NA
"ILEVER6 HF DB_CS1_13","ILEVER6 HF DB","ILE.VER","C","S",1,"CS1_13",33,40,42,104
"PRUPEN16 HF DB_CS1_13","PRUPEN16 HF DB","PRU.PEN","C","S",1,"CS1_13",12,28,37,45
"PRUVIR 5 HF DB_CS1_13","PRUVIR 5 HF DB","PRU.VIR","C","S",1,"CS1_13",NA,NA,NA,NA
"ACEPEN14 HF DB_CS1_12","ACEPEN14 HF DB","ACE.PEN","C","S",1,"CS1_12",86,NA,NA,NA
"COMPER 6 HF DB_CS1_12","COMPER 6 HF DB","COM.PER","C","S",1,"CS1_12",33,40,48,NA
"ILEVER05 HF DB_CS1_12","ILEVER05 HF DB","ILE.VER","C","S",1,"CS1_12",28,35,40,NA
"ACERUB22 HF DB_CS1_11","ACERUB22 HF DB","ACE.RUB","C","S",1,"CS1_11",NA,112,NA,NA
"PRUVIR 7 HF DB_CS1_11","PRUVIR 7 HF DB","AME.SPP","C","S",1,"CS1_11",97,101,104,NA
"VACCOR 10 HF DB_CS1_11","VACCOR 10 HF DB","VAC.COR","C","S",1,"CS1_11",17,26,37,33
"ACESAC12 HF DB_CS1_10","ACESAC12 HF DB","ACE.SAC","C","S",1,"CS1_10",73,79,82,NA
"BETALL26 HF DB_CS1_10","BETALL26 HF DB","BET.ALL","C","S",1,"CS1_10",59,48,51,NA
"VIBACE? HF DB_CS1_10","VIBACE? HF DB","VIB.ACE","C","S",1,"CS1_10",91,NA,NA,NA
"ACESAC17 HF DB_CS1_1","ACESAC17 HF DB","ACE.SAC","C","S",1,"CS1_1",97,NA,110,NA
"BETALL34 HF DB_CS1_1","BETALL34 HF DB","BET.ALL","C","S",1,"CS1_1",56,65,70,NA
"CORCOR06 HF_CS1_1","CORCOR06 HF","COR.COR","C","S",1,"CS1_1",37,42,48,NA
"ACEPEN16 HF DB_CL1_9","ACEPEN16 HF DB","ACE.PEN","C","L",1,"CL1_9",33,42,48,56
"ILEVER01 HF DB_CL1_9","ILEVER01 HF DB","ILE.VER","C","L",1,"CL1_9",22,30,33,NA
"VIBACE5 HF DB_CL1_9","VIBACE5 HF DB","VIB.ACE","C","L",1,"CL1_9",35,40,45,NA
"COMPER 3 HF DB_CL1_8","COMPER 3 HF DB","COM.PER","C","L",1,"CL1_8",37,48,56,35
"ILEVER06 HF DB_CL1_8","ILEVER06 HF DB","ILE.VER","C","L",1,"CL1_8",24,26,30,NA
"PRUPEN 21 HF DB_CL1_8","PRUPEN 21 HF DB","BET.SPP","C","L",1,"CL1_8",26,35,40,NA
"ACEPEN16 HF DB_CL1_7","ACEPEN16 HF DB","ACE.PEN","C","L",1,"CL1_7",28,42,51,45
"BETALL32 HF DB_CL1_7","BETALL32 HF DB","BET.ALL","C","L",1,"CL1_7",54,56,65,NA
"ILEMUC 12 HF DB_CL1_7","ILEMUC 12 HF DB","ILE.MUC","C","L",1,"CL1_7",45,48,51,54
"ILEMUC 11 HF DB_CL1_6","ILEMUC 11 HF DB","ILE.MUC","C","L",1,"CL1_6",35,42,45,54
"ILEVER09 HF DB_CL1_6","ILEVER09 HF DB","ILE.VER","C","L",1,"CL1_6",NA,NA,28,NA
"VIBACE07 HF DB_CL1_6","VIBACE07 HF DB","VIB.ACE","C","L",1,"CL1_6",35,42,51,NA
"ACESAC18 HF DB_CL1_5","ACESAC18 HF DB","ACE.SAC","C","L",1,"CL1_5",99,NA,NA,NA
"COMPER 2 HF DB_CL1_5","COMPER 2 HF DB","COM.PER","C","L",1,"CL1_5",48,56,62,35
"PRUVIR 2 HF DB_CL1_5","PRUVIR 2 HF DB","PRU.VIR","C","L",1,"CL1_5",NA,NA,NA,NA
"ACEPEN20 HF DB_CL1_4","ACEPEN20 HF DB","ACE.PEN","C","L",1,"CL1_4",26,40,51,NA
"ACERUB23 HF DB_CL1_4","ACERUB23 HF DB","ACE.RUB","C","L",1,"CL1_4",99,NA,NA,NA
"BETALL25 HF DB_CL1_4","BETALL25 HF DB","BET.ALL","C","L",1,"CL1_4",35,40,51,NA
"COMPER 1 HF DB_CL1_3","COMPER 1 HF DB","COM.PER","C","L",1,"CL1_3",33,37,54,30
"CORCOR07_HF_CL1_3","CORCOR07_HF","COR.COR","C","L",1,"CL1_3",54,59,65,62
"ILEMUC 9 HF DB_CL1_3","ILEMUC 9 HF DB","ILE.MUC","C","L",1,"CL1_3",33,42,45,42
"ACEPEN17 HF DB_CL1_24","ACEPEN17 HF DB","ACE.PEN","C","L",1,"CL1_24",35,48,51,54
"COMPER 1 HF DB_CL1_24","COMPER 1 HF DB","COM.PER","C","L",1,"CL1_24",28,37,48,19
"ILEMUC 14 HF DB_CL1_24","ILEMUC 14 HF DB","ILE.MUC","C","L",1,"CL1_24",33,37,42,NA
"CORCOR 17 HF DB_CL1_23","CORCOR 17 HF DB","COR.COR","C","L",1,"CL1_23",48,51,56,45
"ILEVER03 HF DB_CL1_23","ILEVER03 HF DB","ILE.VER","C","L",1,"CL1_23",22,28,NA,NA
"PRUPEN 22 HF DB_CL1_23","PRUPEN 22 HF DB","PRU.PEN","C","L",1,"CL1_23",9,17,22,35
"CORCOR 15 HF DB_CL1_22","CORCOR 15 HF DB","COR.COR","C","L",1,"CL1_22",62,65,68,33
"PRUPEN 22 HF DB_CL1_22","PRUPEN 22 HF DB","PRU.PEN","C","L",1,"CL1_22",28,33,42,NA
"VIBACE07 HF DB_CL1_22","VIBACE07 HF DB","VIB.ACE","C","L",1,"CL1_22",30,35,40,73
"BETALL26 HF DB_CL1_21","BETALL26 HF DB","BET.ALL","C","L",1,"CL1_21",48,51,62,NA
"CORCOR 15 HF DB_CL1_21","CORCOR 15 HF DB","COR.COR","C","L",1,"CL1_21",54,62,65,33
"VACCOR 6 HF DB_CL1_21","VACCOR 6 HF DB","VAC.COR","C","L",1,"CL1_21",22,30,37,33
"ACESAC17 HF DB_CL1_20","ACESAC17 HF DB","ACE.SAC","C","L",1,"CL1_20",76,82,89,NA
"COMPER 1 HF DB_CL1_20","COMPER 1 HF DB","COM.PER","C","L",1,"CL1_20",33,42,51,37
"VACCOR 8 HF DB_CL1_20","VACCOR 8 HF DB","VAC.COR","C","L",1,"CL1_20",12,19,26,26
"ACESAC17 HF DB_CL1_2","ACESAC17 HF DB","ACE.SAC","C","L",1,"CL1_2",79,84,86,NA
"BETALL33 HF DB_CL1_2","BETALL33 HF DB","BET.ALL","C","L",1,"CL1_2",62,68,76,NA
"ILEVER07 HF DB_CL1_2","ILEVER07 HF DB","ILE.VER","C","L",1,"CL1_2",22,26,28,NA
"ACESAC13 HF DB_CL1_19","ACESAC13 HF DB","ACE.SAC","C","L",1,"CL1_19",79,NA,84,NA
"PRUVIR 5 HF DB_CL1_19","PRUVIR 5 HF DB","PRU.VIR","C","L",1,"CL1_19",54,NA,NA,NA
"VIBACE02 HF DB_CL1_19","VIBACE02 HF DB","VIB.ACE","C","L",1,"CL1_19",37,45,51,NA
"ACERUB22 HF DB_CL1_18","ACERUB22 HF DB","ACE.RUB","C","L",1,"CL1_18",84,94,99,NA
"PRUVIR 4 HF DB_CL1_18","PRUVIR 4 HF DB","PRU.VIR","C","L",1,"CL1_18",56,62,65,79
"VIBACE5 HF DB_CL1_18","VIBACE5 HF DB","VIB.ACE","C","L",1,"CL1_18",33,35,40,76
"ILEMUC 12 HF DB_CL1_17","ILEMUC 12 HF DB","ILE.MUC","C","L",1,"CL1_17",33,40,42,45
"PRUVIR 6 HF DB_CL1_17","PRUVIR 6 HF DB","PRU.VIR","C","L",1,"CL1_17",99,107,NA,NA
"VACCOR 2 HF DB_CL1_17","VACCOR 2 HF DB","VAC.COR","C","L",1,"CL1_17",22,26,33,35
"ACEPEN20 HF DB_CL1_16","ACEPEN20 HF DB","ACE.PEN","C","L",1,"CL1_16",35,51,59,NA
"ACESAC18 HF DB_CL1_16","ACESAC18 HF DB","ACE.SAC","C","L",1,"CL1_16",NA,NA,NA,NA
"COMPER 1 HF DB_CL1_16","COMPER 1 HF DB","COM.PER","C","L",1,"CL1_16",33,37,54,28
"ACESAC19 HF DB_CL1_15","ACESAC19 HF DB","ACE.SAC","C","L",1,"CL1_15",86,NA,91,NA
"ILEVER09 HF DB1_CL1_15","ILEVER09 HF DB1","ILE.VER","C","L",1,"CL1_15",22,24,28,NA
"PRUPEN 21 HF DB_CL1_15","PRUPEN 21 HF DB","BET.SPP","C","L",1,"CL1_15",30,33,42,NA
"ACERUB27 HF DB_CL1_14","ACERUB27 HF DB","ACE.RUB","C","L",1,"CL1_14",NA,NA,NA,NA
"CORCOR09_HF_CL1_14","CORCOR09_HF","COR.COR","C","L",1,"CL1_14",48,54,62,NA
"VACCOR 2 HF DB_CL1_14","VACCOR 2 HF DB","VAC.COR","C","L",1,"CL1_14",14,26,45,30
"ACERUB26 HF DB_CL1_13","ACERUB26 HF DB","ACE.RUB","C","L",1,"CL1_13",82,89,91,NA
"ILEMUC 11 HF DB_CL1_13","ILEMUC 11 HF DB","ILE.MUC","C","L",1,"CL1_13",22,26,35,NA
"PRUVIR 6 HF DB_CL1_13","PRUVIR 6 HF DB","PRU.VIR","C","L",1,"CL1_13",33,48,54,76
"ACERUB22 HF DB_CL1_12","ACERUB22 HF DB","ACE.RUB","C","L",1,"CL1_12",86,94,99,NA
"PRUVIR 7 HF DB_CL1_12","PRUVIR 7 HF DB","AME.SPP","C","L",1,"CL1_12",NA,NA,NA,NA
"VIBACE10 HF DB_CL1_12","VIBACE10 HF DB","VIB.ACE","C","L",1,"CL1_12",22,42,51,82
"ACEPEN15 HF DB_CL1_11","ACEPEN15 HF DB","ACE.PEN","C","L",1,"CL1_11",37,51,62,59
"ACERUB22 HF DB_CL1_11","ACERUB22 HF DB","ACE.RUB","C","L",1,"CL1_11",84,94,97,NA
"PRUPEN 26 HF DB_CL1_11","PRUPEN 26 HF DB","PRU.PEN","C","L",1,"CL1_11",12,22,35,33
"BETALL31 HF DB_CL1_10","BETALL31 HF DB","BET.ALL","C","L",1,"CL1_10",30,51,56,NA
"PRUPEN 24 HF DB_CL1_10","PRUPEN 24 HF DB","PRU.PEN","C","L",1,"CL1_10",30,35,45,NA
"VACCOR 6 HF DB_CL1_10","VACCOR 6 HF DB","VAC.COR","C","L",1,"CL1_10",26,33,35,NA
"BETALL26 HF DB_CL1_1","BETALL26 HF DB","BET.ALL","C","L",1,"CL1_1",37,51,56,NA
"CORCOR07_HF_CL1_1","CORCOR07_HF","COR.COR","C","L",1,"CL1_1",45,48,54,NA
"VACCOR 1 HF DB_CL1_1","VACCOR 1 HF DB","VAC.COR","C","L",1,"CL1_1",12,24,28,33
